,subtype,regulon,Z
0,CAF.ADH1B,AHRR,0.0970060511427928
1,CAF.ADH1B,ARID3A,-0.27766300318214815
2,CAF.ADH1B,ARNT,-0.15544578921982435
3,CAF.ADH1B,ATF3,-0.11087240201816113
4,CAF.ADH1B,ATF4,-0.09817211627368333
5,CAF.ADH1B,ATF6,0.16259830472066714
6,CAF.ADH1B,BACH1,0.796525426574198
7,CAF.ADH1B,BHLHE40,-0.38518700934615796
8,CAF.ADH1B,CEBPA,0.11770349704790967
9,CAF.ADH1B,CEBPB,0.8516135757900266
10,CAF.ADH1B,CEBPD,0.7794881652827413
11,CAF.ADH1B,CREB1,-0.15905436250996507
12,CAF.ADH1B,CREB3L1,-0.36820068200490846
13,CAF.ADH1B,CREB3L2,-0.3056469921487966
14,CAF.ADH1B,CREM,0.08098382790930653
15,CAF.ADH1B,CUX1,-0.3168725544739352
16,CAF.ADH1B,E2F1,-0.5857535643166606
17,CAF.ADH1B,E2F2,-0.25747377173590846
18,CAF.ADH1B,E2F3,-0.2521170775763529
19,CAF.ADH1B,E2F4,-0.5623704517031289
20,CAF.ADH1B,E2F7,0.10709223370327894
21,CAF.ADH1B,E2F8,-0.30372178999757743
22,CAF.ADH1B,EBF1,-0.35433698658584184
23,CAF.ADH1B,EGR1,0.28130197654609773
24,CAF.ADH1B,EGR2,-0.0771781979197292
25,CAF.ADH1B,EHF,-0.11184377500192264
26,CAF.ADH1B,ELF1,0.3679952398389003
27,CAF.ADH1B,ELF3,-0.3762507287563899
28,CAF.ADH1B,ELK1,0.016355678280538095
29,CAF.ADH1B,ELK3,-0.38297471312159553
30,CAF.ADH1B,ERF,-0.1265605250584226
31,CAF.ADH1B,ERG,0.3693416184100576
32,CAF.ADH1B,ESRRA,0.03102695954590539
33,CAF.ADH1B,ETS2,-0.21925812657297766
34,CAF.ADH1B,ETV1,0.16574023185104803
35,CAF.ADH1B,ETV2,0.15739946944619299
36,CAF.ADH1B,ETV5,0.07692154665596475
37,CAF.ADH1B,ETV7,-0.26046620068872084
38,CAF.ADH1B,FOS,0.11186569238190903
39,CAF.ADH1B,FOSB,0.2013515729706541
40,CAF.ADH1B,FOSL1,-0.6533120064752419
41,CAF.ADH1B,FOXA1,0.03380435924905853
42,CAF.ADH1B,FOXF1,-0.0659191987312897
43,CAF.ADH1B,FOXF2,0.07260882721283171
44,CAF.ADH1B,FOXN2,0.008135771136665953
45,CAF.ADH1B,FOXO1,0.7885742323117672
46,CAF.ADH1B,FOXO3,1.4502646121879432
47,CAF.ADH1B,FOXP1,0.35366438069966954
48,CAF.ADH1B,FOXP2,1.3861636979995933
49,CAF.ADH1B,GABPA,0.09031838358644909
50,CAF.ADH1B,GATA2,0.5721000801758559
51,CAF.ADH1B,GATA3,0.4912537411701888
52,CAF.ADH1B,GATA5,1.5682243994774083
53,CAF.ADH1B,GATA6,0.4288846632683231
54,CAF.ADH1B,GLI3,0.16715678031781153
55,CAF.ADH1B,GRHL1,0.12686680782783896
56,CAF.ADH1B,HES1,-0.30451642418896496
57,CAF.ADH1B,HIVEP1,0.06358286812918869
58,CAF.ADH1B,HIVEP3,0.6327256042071657
59,CAF.ADH1B,HOXA2,0.011149256493645567
60,CAF.ADH1B,HOXB2,-0.4802938299389263
61,CAF.ADH1B,IKZF1,-0.6141472286588638
62,CAF.ADH1B,IRF1,0.10597891643165411
63,CAF.ADH1B,IRF2,-0.16930679196102114
64,CAF.ADH1B,IRF7,-0.37492439000517463
65,CAF.ADH1B,IRF8,0.4471467798596255
66,CAF.ADH1B,IRX3,0.36169193872129113
67,CAF.ADH1B,JUN,0.17523664629938093
68,CAF.ADH1B,JUNB,0.17796079013107455
69,CAF.ADH1B,KLF16,0.11903619302259685
70,CAF.ADH1B,KLF5,-0.05122124143650787
71,CAF.ADH1B,KLF6,-0.7042923767804335
72,CAF.ADH1B,KLF9,0.283215149260915
73,CAF.ADH1B,LEF1,0.10037755517582739
74,CAF.ADH1B,MAFG,0.18698831284179743
75,CAF.ADH1B,MEF2C,-0.3937385333207045
76,CAF.ADH1B,MEF2D,-0.12329699096216373
77,CAF.ADH1B,MLX,-0.3085403108751816
78,CAF.ADH1B,MLXIP,0.3385401630863116
79,CAF.ADH1B,MYB,0.01318033214182706
80,CAF.ADH1B,MYBL2,-0.46497039295086795
81,CAF.ADH1B,MYC,0.32268336313427115
82,CAF.ADH1B,MYCN,0.10436133390626941
83,CAF.ADH1B,NFAT5,0.19625883274744813
84,CAF.ADH1B,NFATC2,0.05583821097646425
85,CAF.ADH1B,NFATC4,-0.05378738978768083
86,CAF.ADH1B,NFE2L1,0.03795436969559086
87,CAF.ADH1B,NFIL3,0.5601240067731422
88,CAF.ADH1B,NFKB2,0.7911029300929677
89,CAF.ADH1B,NKX2-1,-0.013991564008242943
90,CAF.ADH1B,NR4A3,-0.025930938516786958
91,CAF.ADH1B,ONECUT2,0.08449795366700756
92,CAF.ADH1B,PITX3,0.434043367068147
93,CAF.ADH1B,PRDM1,0.21100215875830508
94,CAF.ADH1B,RARG,0.03506991503670933
95,CAF.ADH1B,RBAK,0.10881973936042474
96,CAF.ADH1B,REL,-0.379404088047746
97,CAF.ADH1B,RELA,-0.3057846401575638
98,CAF.ADH1B,RELB,0.35350189304894397
99,CAF.ADH1B,RFX5,0.38446403609374974
100,CAF.ADH1B,RFX8,-0.26699412777177145
101,CAF.ADH1B,RUNX1,-0.024552268080720214
102,CAF.ADH1B,RXRA,-0.2542800372820108
103,CAF.ADH1B,RXRG,-0.16756974998397284
104,CAF.ADH1B,SOX11,-0.19382493888602792
105,CAF.ADH1B,SOX15,0.40151569539315085
106,CAF.ADH1B,SOX4,0.002702437071624982
107,CAF.ADH1B,SOX7,-0.18276721958289407
108,CAF.ADH1B,SP1,-0.205897365925127
109,CAF.ADH1B,SP2,-0.008653361649169258
110,CAF.ADH1B,SP6,0.08996792319415317
111,CAF.ADH1B,SPI1,-0.0686829791309059
112,CAF.ADH1B,SPIB,0.2811846155638392
113,CAF.ADH1B,SREBF2,0.5868729052650464
114,CAF.ADH1B,SRF,-0.4044639810354363
115,CAF.ADH1B,STAT1,-0.2687529456286587
116,CAF.ADH1B,STAT2,0.13112566404084305
117,CAF.ADH1B,TBP,0.205266089780263
118,CAF.ADH1B,TCF12,0.9797709215859628
119,CAF.ADH1B,TCF7L1,0.27853193878468807
120,CAF.ADH1B,TCF7L2,0.3462091561134641
121,CAF.ADH1B,TEAD4,-0.6070325236591396
122,CAF.ADH1B,TFAP2A,0.06541800917348613
123,CAF.ADH1B,TFCP2L1,-0.04515148974182023
124,CAF.ADH1B,TFDP1,-0.6259763257836733
125,CAF.ADH1B,TFE3,-0.16458647481572874
126,CAF.ADH1B,TFEB,-0.3001832027767193
127,CAF.ADH1B,TGIF2,0.4544103108365408
128,CAF.ADH1B,THAP1,0.046247641277525314
129,CAF.ADH1B,THAP11,0.1376338376627352
130,CAF.ADH1B,TP53,-0.08088909082715895
131,CAF.ADH1B,TWIST1,0.1931327157519415
132,CAF.ADH1B,USF1,-0.10815570602165167
133,CAF.ADH1B,XBP1,-0.36414264200703667
134,CAF.ADH1B,YY1,0.08485256968970262
135,CAF.ADH1B,YY2,-0.1690240834609956
136,CAF.ADH1B,ZBTB33,-0.07453326894835254
137,CAF.ADH1B,ZFP64,0.13504399764089597
138,CAF.ADH1B,ZFP91,-0.16334948330967794
139,CAF.ADH1B,ZNF143,-0.25099860618082137
140,CAF.ADH1B,ZNF155,0.5100490851254728
141,CAF.ADH1B,ZNF189,-0.06561062766213437
142,CAF.ADH1B,ZNF319,-0.04882187489632347
143,CAF.ADH1B,ZNF320,0.07905323584502316
144,CAF.ADH1B,ZNF383,1.3865877976877
145,CAF.ADH1B,ZNF423,0.14345686642991778
146,CAF.ADH1B,ZNF426,0.8661699711794871
147,CAF.ADH1B,ZNF433,0.08191595877089616
148,CAF.ADH1B,ZNF526,0.2149426470549692
149,CAF.ADH1B,ZNF527,0.12607121052268813
150,CAF.ADH1B,ZNF583,0.4141084969015532
151,CAF.ADH1B,ZNF671,-0.05780792378713856
152,CAF.ADH1B,ZNF860,1.0086724997844594
153,CAF.ADH1B,ZNF91,0.36276822541026
154,CAF.APOE.IGFBP,AHRR,-0.11108260464795376
155,CAF.APOE.IGFBP,ARID3A,-0.42216117506083123
156,CAF.APOE.IGFBP,ARNT,0.2722061055001859
157,CAF.APOE.IGFBP,ATF3,0.1618589955681775
158,CAF.APOE.IGFBP,ATF4,-0.0033996497017723523
159,CAF.APOE.IGFBP,ATF6,-0.1867508266710793
160,CAF.APOE.IGFBP,BACH1,-0.046674662284573336
161,CAF.APOE.IGFBP,BHLHE40,0.5752698046780154
162,CAF.APOE.IGFBP,CEBPA,-0.16699413756433867
163,CAF.APOE.IGFBP,CEBPB,-0.04552808356793297
164,CAF.APOE.IGFBP,CEBPD,-0.2565902921112839
165,CAF.APOE.IGFBP,CREB1,-0.0782243236457365
166,CAF.APOE.IGFBP,CREB3L1,0.2665310610629454
167,CAF.APOE.IGFBP,CREB3L2,0.6429190052929654
168,CAF.APOE.IGFBP,CREM,0.09058960928148334
169,CAF.APOE.IGFBP,CUX1,0.4161590763794334
170,CAF.APOE.IGFBP,E2F1,-0.40260856362592806
171,CAF.APOE.IGFBP,E2F2,-0.0699474428729948
172,CAF.APOE.IGFBP,E2F3,-0.4016251087384855
173,CAF.APOE.IGFBP,E2F4,-0.21136626249933416
174,CAF.APOE.IGFBP,E2F7,-0.10168152931632421
175,CAF.APOE.IGFBP,E2F8,-0.37158952673164275
176,CAF.APOE.IGFBP,EBF1,-0.30695994254303716
177,CAF.APOE.IGFBP,EGR1,-0.021668848208279416
178,CAF.APOE.IGFBP,EGR2,0.04035666230855249
179,CAF.APOE.IGFBP,EHF,-0.09384861761278158
180,CAF.APOE.IGFBP,ELF1,-0.18279551270735095
181,CAF.APOE.IGFBP,ELF3,-0.06611735624650782
182,CAF.APOE.IGFBP,ELK1,-0.1683000792964442
183,CAF.APOE.IGFBP,ELK3,0.7302904516516296
184,CAF.APOE.IGFBP,ERF,-0.16239926603478888
185,CAF.APOE.IGFBP,ERG,0.2929168758324177
186,CAF.APOE.IGFBP,ESRRA,-0.09377986055319436
187,CAF.APOE.IGFBP,ETS2,0.0028799470331264967
188,CAF.APOE.IGFBP,ETV1,0.622884608720442
189,CAF.APOE.IGFBP,ETV2,-0.042823344379182324
190,CAF.APOE.IGFBP,ETV5,-0.26377680145396815
191,CAF.APOE.IGFBP,ETV7,0.018742976222185
192,CAF.APOE.IGFBP,FOS,0.07790178380967429
193,CAF.APOE.IGFBP,FOSB,-0.13230214625891762
194,CAF.APOE.IGFBP,FOSL1,0.3489306938203697
195,CAF.APOE.IGFBP,FOXA1,-0.1939847834660077
196,CAF.APOE.IGFBP,FOXF1,-0.6804632471087458
197,CAF.APOE.IGFBP,FOXF2,-0.3383612071689601
198,CAF.APOE.IGFBP,FOXN2,-0.07830167408516381
199,CAF.APOE.IGFBP,FOXO1,0.016174550262523995
200,CAF.APOE.IGFBP,FOXO3,-0.2825216349688654
201,CAF.APOE.IGFBP,FOXP1,-0.04702546437889653
202,CAF.APOE.IGFBP,FOXP2,-0.32227482447107647
203,CAF.APOE.IGFBP,GABPA,-0.12020987354372066
204,CAF.APOE.IGFBP,GATA2,-0.1978854454545392
205,CAF.APOE.IGFBP,GATA3,-0.14915179894039315
206,CAF.APOE.IGFBP,GATA5,-0.2697055093904587
207,CAF.APOE.IGFBP,GATA6,0.17931042447947323
208,CAF.APOE.IGFBP,GLI3,0.1728643846495935
209,CAF.APOE.IGFBP,GRHL1,-0.18845149660364655
210,CAF.APOE.IGFBP,HES1,-0.176165403329644
211,CAF.APOE.IGFBP,HIVEP1,-0.2384372478345508
212,CAF.APOE.IGFBP,HIVEP3,-0.14967272453879957
213,CAF.APOE.IGFBP,HOXA2,0.2582909030666016
214,CAF.APOE.IGFBP,HOXB2,0.25492099605823054
215,CAF.APOE.IGFBP,IKZF1,-0.502185622866863
216,CAF.APOE.IGFBP,IRF1,-0.04128219035696183
217,CAF.APOE.IGFBP,IRF2,-0.3384444679689891
218,CAF.APOE.IGFBP,IRF7,-0.009368801744729977
219,CAF.APOE.IGFBP,IRF8,-0.16911884858145773
220,CAF.APOE.IGFBP,IRX3,-0.1801652295742592
221,CAF.APOE.IGFBP,JUN,0.04285008806634883
222,CAF.APOE.IGFBP,JUNB,-0.0016585762795585188
223,CAF.APOE.IGFBP,KLF16,0.19249882604543844
224,CAF.APOE.IGFBP,KLF5,-0.08270150434556785
225,CAF.APOE.IGFBP,KLF6,-0.4647281861590436
226,CAF.APOE.IGFBP,KLF9,-0.2078967834493812
227,CAF.APOE.IGFBP,LEF1,-0.5267210398500847
228,CAF.APOE.IGFBP,MAFG,-0.005138082734034011
229,CAF.APOE.IGFBP,MEF2C,-0.35177114264042453
230,CAF.APOE.IGFBP,MEF2D,-0.25143171729435554
231,CAF.APOE.IGFBP,MLX,0.24017354632077584
232,CAF.APOE.IGFBP,MLXIP,-0.14105801768916418
233,CAF.APOE.IGFBP,MYB,-0.05302172357742686
234,CAF.APOE.IGFBP,MYBL2,-0.4170612285739436
235,CAF.APOE.IGFBP,MYC,-0.27584179742243303
236,CAF.APOE.IGFBP,MYCN,-0.10786742054312401
237,CAF.APOE.IGFBP,NFAT5,0.039179025566632476
238,CAF.APOE.IGFBP,NFATC2,-0.49419933369062635
239,CAF.APOE.IGFBP,NFATC4,0.1835409916117471
240,CAF.APOE.IGFBP,NFE2L1,-0.06919518721004118
241,CAF.APOE.IGFBP,NFIL3,-0.0046603305452599195
242,CAF.APOE.IGFBP,NFKB2,-0.252944116081191
243,CAF.APOE.IGFBP,NKX2-1,-0.15142723341636177
244,CAF.APOE.IGFBP,NR4A3,0.04561754432775882
245,CAF.APOE.IGFBP,ONECUT2,-0.11258973610218038
246,CAF.APOE.IGFBP,PITX3,-0.2663575624944252
247,CAF.APOE.IGFBP,PRDM1,-0.2546068379202709
248,CAF.APOE.IGFBP,RARG,0.8030227515576353
249,CAF.APOE.IGFBP,RBAK,-0.16948574307353698
250,CAF.APOE.IGFBP,REL,0.1601057299356932
251,CAF.APOE.IGFBP,RELA,0.02379891939405987
252,CAF.APOE.IGFBP,RELB,-0.19324175004298708
253,CAF.APOE.IGFBP,RFX5,-0.32427621198629936
254,CAF.APOE.IGFBP,RFX8,-0.02037674397631762
255,CAF.APOE.IGFBP,RUNX1,-0.05866103658027128
256,CAF.APOE.IGFBP,RXRA,0.14639241162541625
257,CAF.APOE.IGFBP,RXRG,-0.2921680365903573
258,CAF.APOE.IGFBP,SOX11,-0.2089627614396483
259,CAF.APOE.IGFBP,SOX15,0.03656862036014916
260,CAF.APOE.IGFBP,SOX4,-0.39983872271672005
261,CAF.APOE.IGFBP,SOX7,-0.1681505939960249
262,CAF.APOE.IGFBP,SP1,-0.14857958865347637
263,CAF.APOE.IGFBP,SP2,-0.21400846265340417
264,CAF.APOE.IGFBP,SP6,0.14253638078278713
265,CAF.APOE.IGFBP,SPI1,0.04161349230272402
266,CAF.APOE.IGFBP,SPIB,0.09728658756260634
267,CAF.APOE.IGFBP,SREBF2,-0.1528700300727343
268,CAF.APOE.IGFBP,SRF,-0.4397737499647019
269,CAF.APOE.IGFBP,STAT1,-0.02063548464021251
270,CAF.APOE.IGFBP,STAT2,-0.06107687182648722
271,CAF.APOE.IGFBP,TBP,-0.22242791169019702
272,CAF.APOE.IGFBP,TCF12,-0.15175641605089232
273,CAF.APOE.IGFBP,TCF7L1,-0.04530895917450882
274,CAF.APOE.IGFBP,TCF7L2,-0.1614193672903077
275,CAF.APOE.IGFBP,TEAD4,-0.14527473801176655
276,CAF.APOE.IGFBP,TFAP2A,-0.11318076553374294
277,CAF.APOE.IGFBP,TFCP2L1,0.052663843476375906
278,CAF.APOE.IGFBP,TFDP1,-0.15502928973939428
279,CAF.APOE.IGFBP,TFE3,-0.1512814864761453
280,CAF.APOE.IGFBP,TFEB,-0.09939068643798296
281,CAF.APOE.IGFBP,TGIF2,-0.12002436651832177
282,CAF.APOE.IGFBP,THAP1,-0.2205891310445881
283,CAF.APOE.IGFBP,THAP11,-0.08071845585608073
284,CAF.APOE.IGFBP,TP53,-0.23263645852042397
285,CAF.APOE.IGFBP,TWIST1,-0.22176498975857004
286,CAF.APOE.IGFBP,USF1,-0.31724303785847785
287,CAF.APOE.IGFBP,XBP1,0.26345980891655413
288,CAF.APOE.IGFBP,YY1,-0.41259633908690485
289,CAF.APOE.IGFBP,YY2,-0.18386761537074753
290,CAF.APOE.IGFBP,ZBTB33,0.11129777279431484
291,CAF.APOE.IGFBP,ZFP64,0.19027310519859456
292,CAF.APOE.IGFBP,ZFP91,-0.15258832777393563
293,CAF.APOE.IGFBP,ZNF143,-0.027223672686692346
294,CAF.APOE.IGFBP,ZNF155,-0.285822576565487
295,CAF.APOE.IGFBP,ZNF189,-0.3001347691474334
296,CAF.APOE.IGFBP,ZNF319,-0.05822474402005691
297,CAF.APOE.IGFBP,ZNF320,-0.11289482392790881
298,CAF.APOE.IGFBP,ZNF383,-0.21491781186672185
299,CAF.APOE.IGFBP,ZNF423,0.3250312500168158
300,CAF.APOE.IGFBP,ZNF426,-0.05261937813255833
301,CAF.APOE.IGFBP,ZNF433,0.3818902736380411
302,CAF.APOE.IGFBP,ZNF526,0.047484352477728434
303,CAF.APOE.IGFBP,ZNF527,-0.2561247435459107
304,CAF.APOE.IGFBP,ZNF583,0.05961098112399006
305,CAF.APOE.IGFBP,ZNF671,-0.2632719526111629
306,CAF.APOE.IGFBP,ZNF860,-0.24371010072029456
307,CAF.APOE.IGFBP,ZNF91,0.06857775109361552
308,CAF.COL,AHRR,-0.0713153488745399
309,CAF.COL,ARID3A,-0.2223337808258766
310,CAF.COL,ARNT,0.17118935599034985
311,CAF.COL,ATF3,0.05507236438020269
312,CAF.COL,ATF4,-0.04947301571611666
313,CAF.COL,ATF6,-0.007402717772809812
314,CAF.COL,BACH1,0.43952593368450493
315,CAF.COL,BHLHE40,0.5466381942046081
316,CAF.COL,CEBPA,-0.15325327963641258
317,CAF.COL,CEBPB,0.3266813667369884
318,CAF.COL,CEBPD,-0.6425369994815822
319,CAF.COL,CREB1,-0.18064514044999505
320,CAF.COL,CREB3L1,0.8551910088979089
321,CAF.COL,CREB3L2,0.7300383058408337
322,CAF.COL,CREM,-0.41181885644930194
323,CAF.COL,CUX1,0.8097109097292163
324,CAF.COL,E2F1,-0.09050495992738448
325,CAF.COL,E2F2,-0.060720187609301327
326,CAF.COL,E2F3,0.18314992374807085
327,CAF.COL,E2F4,-0.011114995573079512
328,CAF.COL,E2F7,-0.15002209360014218
329,CAF.COL,E2F8,-0.4316616319994055
330,CAF.COL,EBF1,-0.4370650899495722
331,CAF.COL,EGR1,-0.1147916233168351
332,CAF.COL,EGR2,0.5527921310639831
333,CAF.COL,EHF,0.19794422072511497
334,CAF.COL,ELF1,0.07803572281860548
335,CAF.COL,ELF3,0.010652032550834635
336,CAF.COL,ELK1,0.016314215158444532
337,CAF.COL,ELK3,0.3651075230944591
338,CAF.COL,ERF,-0.21134823672680492
339,CAF.COL,ERG,0.40192350302609253
340,CAF.COL,ESRRA,-0.028741522211449173
341,CAF.COL,ETS2,-0.04053768357058098
342,CAF.COL,ETV1,0.7220095559645352
343,CAF.COL,ETV2,0.12956577220499302
344,CAF.COL,ETV5,-0.20912422002031603
345,CAF.COL,ETV7,0.039937506060671146
346,CAF.COL,FOS,-0.20121119184803812
347,CAF.COL,FOSB,-0.12373767425404525
348,CAF.COL,FOSL1,0.13890713169251317
349,CAF.COL,FOXA1,-0.11093988312261321
350,CAF.COL,FOXF1,-0.09249659023452103
351,CAF.COL,FOXF2,-0.033097469087715575
352,CAF.COL,FOXN2,-0.29623899274243787
353,CAF.COL,FOXO1,0.46277695850771783
354,CAF.COL,FOXO3,-0.2774965014416446
355,CAF.COL,FOXP1,-0.07511867126782296
356,CAF.COL,FOXP2,0.09179836485543039
357,CAF.COL,GABPA,0.1247840440950569
358,CAF.COL,GATA2,0.028854977251411465
359,CAF.COL,GATA3,0.5026799477512004
360,CAF.COL,GATA5,-0.37022709839258605
361,CAF.COL,GATA6,-0.17434081027081452
362,CAF.COL,GLI3,0.6501425761835931
363,CAF.COL,GRHL1,0.25817830683967163
364,CAF.COL,HES1,0.5256051866513348
365,CAF.COL,HIVEP1,-0.13091838084826213
366,CAF.COL,HIVEP3,0.21011203828094546
367,CAF.COL,HOXA2,0.010924191311345156
368,CAF.COL,HOXB2,0.70448238267407
369,CAF.COL,IKZF1,-0.41058423521462056
370,CAF.COL,IRF1,-0.1561721529250276
371,CAF.COL,IRF2,-0.3148752660151145
372,CAF.COL,IRF7,-0.035485564632045614
373,CAF.COL,IRF8,-0.17543705059882145
374,CAF.COL,IRX3,0.20182756923820683
375,CAF.COL,JUN,-0.013155883991962995
376,CAF.COL,JUNB,-0.19530535063737403
377,CAF.COL,KLF16,0.09958815352705196
378,CAF.COL,KLF5,0.03861817656269104
379,CAF.COL,KLF6,0.57598101818137
380,CAF.COL,KLF9,-0.5061609953204387
381,CAF.COL,LEF1,0.6755782497787989
382,CAF.COL,MAFG,0.05413496679680235
383,CAF.COL,MEF2C,-0.5589580028820131
384,CAF.COL,MEF2D,-0.47487147303406224
385,CAF.COL,MLX,-0.15260277370683648
386,CAF.COL,MLXIP,0.20349341783333852
387,CAF.COL,MYB,0.17387164811863454
388,CAF.COL,MYBL2,-0.12142675542997901
389,CAF.COL,MYC,-0.4122078699950006
390,CAF.COL,MYCN,-0.24181753202383985
391,CAF.COL,NFAT5,0.42554550547127057
392,CAF.COL,NFATC2,-0.4891314512757367
393,CAF.COL,NFATC4,0.37270481755517987
394,CAF.COL,NFE2L1,-0.028639687397884306
395,CAF.COL,NFIL3,-0.07757987988571739
396,CAF.COL,NFKB2,0.7555941924937277
397,CAF.COL,NKX2-1,-0.07257199280934937
398,CAF.COL,NR4A3,-0.20949055775240355
399,CAF.COL,ONECUT2,0.002929138189254332
400,CAF.COL,PITX3,-0.17376710701098547
401,CAF.COL,PRDM1,0.028901722868566602
402,CAF.COL,RARG,0.12688301650782097
403,CAF.COL,RBAK,0.11344193285365618
404,CAF.COL,REL,-0.05725386222369584
405,CAF.COL,RELA,0.14559464302056196
406,CAF.COL,RELB,-0.15272198679863747
407,CAF.COL,RFX5,-0.10694299427172012
408,CAF.COL,RFX8,-0.20995368613789794
409,CAF.COL,RUNX1,0.8573799987668987
410,CAF.COL,RXRA,0.3830636581639102
411,CAF.COL,RXRG,-0.42637132632206376
412,CAF.COL,SOX11,1.0270335559980068
413,CAF.COL,SOX15,-0.1426635673088773
414,CAF.COL,SOX4,0.4500975510762698
415,CAF.COL,SOX7,0.1459046018943339
416,CAF.COL,SP1,0.014450688556027973
417,CAF.COL,SP2,-0.05643768700896321
418,CAF.COL,SP6,-0.05544167152438575
419,CAF.COL,SPI1,-0.24942994348523823
420,CAF.COL,SPIB,-0.16436405633494278
421,CAF.COL,SREBF2,-0.04469458908767143
422,CAF.COL,SRF,-0.1180900244922573
423,CAF.COL,STAT1,0.031529398792297283
424,CAF.COL,STAT2,0.79869280442184
425,CAF.COL,TBP,0.8911251749652367
426,CAF.COL,TCF12,0.4522256881035509
427,CAF.COL,TCF7L1,-0.0728379293927746
428,CAF.COL,TCF7L2,-0.04790171989014355
429,CAF.COL,TEAD4,-0.014804990055459209
430,CAF.COL,TFAP2A,-0.13780375391846794
431,CAF.COL,TFCP2L1,0.005124707319378938
432,CAF.COL,TFDP1,-0.18701058329211734
433,CAF.COL,TFE3,0.014072160863292948
434,CAF.COL,TFEB,-0.2067723948740951
435,CAF.COL,TGIF2,0.3028100250364448
436,CAF.COL,THAP1,-0.22947407145601337
437,CAF.COL,THAP11,-0.306365662565995
438,CAF.COL,TP53,0.6749029271923933
439,CAF.COL,TWIST1,1.0262553056136707
440,CAF.COL,USF1,-0.3384854145216516
441,CAF.COL,XBP1,0.5553868658490883
442,CAF.COL,YY1,-0.19821856372224395
443,CAF.COL,YY2,0.1579696803012789
444,CAF.COL,ZBTB33,-0.06290606841597035
445,CAF.COL,ZFP64,0.03643769375676514
446,CAF.COL,ZFP91,0.05316597083256134
447,CAF.COL,ZNF143,0.3475142365367177
448,CAF.COL,ZNF155,0.0005305653230261326
449,CAF.COL,ZNF189,-0.26085714131153287
450,CAF.COL,ZNF319,0.049014448999843176
451,CAF.COL,ZNF320,0.19955174532417255
452,CAF.COL,ZNF383,-0.25274512087759626
453,CAF.COL,ZNF423,0.15438577239791737
454,CAF.COL,ZNF426,-0.004438442234329878
455,CAF.COL,ZNF433,-0.06299224635586617
456,CAF.COL,ZNF526,-0.11993609623695813
457,CAF.COL,ZNF527,0.3055750074600907
458,CAF.COL,ZNF583,0.05291429641835843
459,CAF.COL,ZNF671,-0.6177586804587543
460,CAF.COL,ZNF860,-0.36929133510370904
461,CAF.COL,ZNF91,0.23757150173557703
462,CAF.Complement,AHRR,0.07016264730052273
463,CAF.Complement,ARID3A,-0.21221638503450263
464,CAF.Complement,ARNT,0.20190887844735694
465,CAF.Complement,ATF3,0.10781445314230222
466,CAF.Complement,ATF4,0.19500879961979778
467,CAF.Complement,ATF6,-0.12169741096650635
468,CAF.Complement,BACH1,0.7762324844908951
469,CAF.Complement,BHLHE40,0.023940129324515308
470,CAF.Complement,CEBPA,-0.18708859115271922
471,CAF.Complement,CEBPB,0.9385962134915342
472,CAF.Complement,CEBPD,0.08713143899497844
473,CAF.Complement,CREB1,-0.2104874970829598
474,CAF.Complement,CREB3L1,0.3408242845839567
475,CAF.Complement,CREB3L2,0.025169199538663624
476,CAF.Complement,CREM,-0.2407391382394613
477,CAF.Complement,CUX1,0.007959342972012883
478,CAF.Complement,E2F1,-0.3359436690101871
479,CAF.Complement,E2F2,-0.19640153408194655
480,CAF.Complement,E2F3,0.02803333457330294
481,CAF.Complement,E2F4,-0.19823347229379612
482,CAF.Complement,E2F7,-0.17074136321143796
483,CAF.Complement,E2F8,-0.46929725379311127
484,CAF.Complement,EBF1,-0.4800308274452782
485,CAF.Complement,EGR1,0.14323959467776645
486,CAF.Complement,EGR2,0.07256248744084157
487,CAF.Complement,EHF,0.03824222624885966
488,CAF.Complement,ELF1,0.42340995403806536
489,CAF.Complement,ELF3,0.15940608571358136
490,CAF.Complement,ELK1,0.14111052888206266
491,CAF.Complement,ELK3,0.1436876818155215
492,CAF.Complement,ERF,-0.31307418159823114
493,CAF.Complement,ERG,0.3053164417867402
494,CAF.Complement,ESRRA,-0.12456017269791587
495,CAF.Complement,ETS2,0.027839670991381515
496,CAF.Complement,ETV1,0.35070153027405054
497,CAF.Complement,ETV2,0.33700944938594807
498,CAF.Complement,ETV5,-0.3332340039061993
499,CAF.Complement,ETV7,0.31075325657568004
500,CAF.Complement,FOS,0.02694251992745756
501,CAF.Complement,FOSB,0.03311811852224265
502,CAF.Complement,FOSL1,-0.21533738573576777
503,CAF.Complement,FOXA1,-0.02257219908442001
504,CAF.Complement,FOXF1,-0.40389967244344105
505,CAF.Complement,FOXF2,-0.2367146240055331
506,CAF.Complement,FOXN2,-0.26659079880549374
507,CAF.Complement,FOXO1,0.7241659317635325
508,CAF.Complement,FOXO3,0.33486723419205344
509,CAF.Complement,FOXP1,-0.20105119057278248
510,CAF.Complement,FOXP2,0.7149920442200727
511,CAF.Complement,GABPA,0.054428474752216585
512,CAF.Complement,GATA2,0.03171719651133688
513,CAF.Complement,GATA3,0.4286284730565732
514,CAF.Complement,GATA5,0.1394497794725004
515,CAF.Complement,GATA6,0.3900780612628023
516,CAF.Complement,GLI3,-0.0605759985789811
517,CAF.Complement,GRHL1,0.04884617397892027
518,CAF.Complement,HES1,-0.16257101725437478
519,CAF.Complement,HIVEP1,0.3010518891263438
520,CAF.Complement,HIVEP3,0.5658541567690502
521,CAF.Complement,HOXA2,-0.1146939841602651
522,CAF.Complement,HOXB2,0.08113208421026921
523,CAF.Complement,IKZF1,-0.600493055314592
524,CAF.Complement,IRF1,0.3551096542771822
525,CAF.Complement,IRF2,-0.121916728849452
526,CAF.Complement,IRF7,-0.07815220669566442
527,CAF.Complement,IRF8,0.8726309243059993
528,CAF.Complement,IRX3,0.14602123323088007
529,CAF.Complement,JUN,0.15610061207720233
530,CAF.Complement,JUNB,0.16270724776377743
531,CAF.Complement,KLF16,-0.256310767936881
532,CAF.Complement,KLF5,0.047522155104520736
533,CAF.Complement,KLF6,-0.3159316406740103
534,CAF.Complement,KLF9,-0.11446849558903902
535,CAF.Complement,LEF1,0.601858345756273
536,CAF.Complement,MAFG,-0.018008613530746353
537,CAF.Complement,MEF2C,-0.5764568696580086
538,CAF.Complement,MEF2D,-0.501486192813785
539,CAF.Complement,MLX,-0.025204155626245683
540,CAF.Complement,MLXIP,0.1046587923954716
541,CAF.Complement,MYB,-0.07196960480436666
542,CAF.Complement,MYBL2,-0.2789825932359511
543,CAF.Complement,MYC,0.18071679880851677
544,CAF.Complement,MYCN,-0.19839543480361946
545,CAF.Complement,NFAT5,0.21555847129987418
546,CAF.Complement,NFATC2,-0.3037097099088481
547,CAF.Complement,NFATC4,-0.02691876703780833
548,CAF.Complement,NFE2L1,0.12786059740453612
549,CAF.Complement,NFIL3,0.3817937452275765
550,CAF.Complement,NFKB2,0.602839975559197
551,CAF.Complement,NKX2-1,0.09010103896870957
552,CAF.Complement,NR4A3,-0.3109687954064236
553,CAF.Complement,ONECUT2,0.005970693701179836
554,CAF.Complement,PITX3,-0.2736616321633139
555,CAF.Complement,PRDM1,-0.0385509403330186
556,CAF.Complement,RARG,0.263801444211645
557,CAF.Complement,RBAK,-0.12705309962715078
558,CAF.Complement,REL,0.2783807878160448
559,CAF.Complement,RELA,0.06251130343710348
560,CAF.Complement,RELB,0.9718841602606844
561,CAF.Complement,RFX5,0.2717381320767908
562,CAF.Complement,RFX8,-0.3182994322542647
563,CAF.Complement,RUNX1,0.34008300312718537
564,CAF.Complement,RXRA,0.10399046585146283
565,CAF.Complement,RXRG,-0.28310085439604443
566,CAF.Complement,SOX11,-0.02567096050147962
567,CAF.Complement,SOX15,-0.010338547998279903
568,CAF.Complement,SOX4,0.5391887423141678
569,CAF.Complement,SOX7,-0.16829461541198668
570,CAF.Complement,SP1,-0.16751250233947515
571,CAF.Complement,SP2,-0.07256053193244094
572,CAF.Complement,SP6,0.23418300727253366
573,CAF.Complement,SPI1,-0.04212983134375155
574,CAF.Complement,SPIB,0.6227818420717155
575,CAF.Complement,SREBF2,-0.06334060719396488
576,CAF.Complement,SRF,-0.4508525698020768
577,CAF.Complement,STAT1,0.23954414729275628
578,CAF.Complement,STAT2,0.5205970586491242
579,CAF.Complement,TBP,0.1182252804102211
580,CAF.Complement,TCF12,0.6737359050367496
581,CAF.Complement,TCF7L1,0.03740816571278111
582,CAF.Complement,TCF7L2,0.2465272064428668
583,CAF.Complement,TEAD4,-0.3011880607422363
584,CAF.Complement,TFAP2A,0.003135236211494035
585,CAF.Complement,TFCP2L1,-0.10833591282260625
586,CAF.Complement,TFDP1,-0.09361972611992514
587,CAF.Complement,TFE3,-0.4492211462466874
588,CAF.Complement,TFEB,-0.154241243858266
589,CAF.Complement,TGIF2,0.11245881813846052
590,CAF.Complement,THAP1,-0.10764677598421134
591,CAF.Complement,THAP11,0.08227409520129007
592,CAF.Complement,TP53,0.40061609749362187
593,CAF.Complement,TWIST1,0.6344401580683119
594,CAF.Complement,USF1,-0.36195768905941134
595,CAF.Complement,XBP1,0.3355945128340501
596,CAF.Complement,YY1,-0.13007981174966077
597,CAF.Complement,YY2,-0.3961365980318017
598,CAF.Complement,ZBTB33,0.23799094587060443
599,CAF.Complement,ZFP64,0.11225464166515936
600,CAF.Complement,ZFP91,-0.13513325829484588
601,CAF.Complement,ZNF143,-0.1146875824018045
602,CAF.Complement,ZNF155,0.21385784896706622
603,CAF.Complement,ZNF189,-0.4860637544523479
604,CAF.Complement,ZNF319,0.00508361704047232
605,CAF.Complement,ZNF320,-0.21021793113470885
606,CAF.Complement,ZNF383,0.09650251128941206
607,CAF.Complement,ZNF423,0.2905650609280993
608,CAF.Complement,ZNF426,0.939357495592852
609,CAF.Complement,ZNF433,-0.07246597224395505
610,CAF.Complement,ZNF526,-0.18516530146057728
611,CAF.Complement,ZNF527,0.011514319819202203
612,CAF.Complement,ZNF583,0.061209665214225675
613,CAF.Complement,ZNF671,-0.3668693971996946
614,CAF.Complement,ZNF860,-0.15507675387343284
615,CAF.Complement,ZNF91,-0.12801546699420152
616,CAF.Cycling,AHRR,0.985713861532245
617,CAF.Cycling,ARID3A,-0.1734092541953803
618,CAF.Cycling,ARNT,0.1850011974964052
619,CAF.Cycling,ATF3,-0.16695075063367998
620,CAF.Cycling,ATF4,-0.2568904961530102
621,CAF.Cycling,ATF6,-0.06628751703429814
622,CAF.Cycling,BACH1,-0.5118900257762482
623,CAF.Cycling,BHLHE40,0.16563302334197294
624,CAF.Cycling,CEBPA,-0.17244366630678326
625,CAF.Cycling,CEBPB,-0.8989730207668056
626,CAF.Cycling,CEBPD,-0.970506723338435
627,CAF.Cycling,CREB1,-0.22477277731724188
628,CAF.Cycling,CREB3L1,0.7059295427327283
629,CAF.Cycling,CREB3L2,0.704327382980408
630,CAF.Cycling,CREM,-0.4176181133226496
631,CAF.Cycling,CUX1,-0.37910925932579426
632,CAF.Cycling,E2F1,2.183803942062711
633,CAF.Cycling,E2F2,0.40879596890259357
634,CAF.Cycling,E2F3,0.12142914081172416
635,CAF.Cycling,E2F4,1.0820259351764163
636,CAF.Cycling,E2F7,0.8553864366047085
637,CAF.Cycling,E2F8,1.2021452931576222
638,CAF.Cycling,EBF1,-0.45629669617165963
639,CAF.Cycling,EGR1,-0.7542153381754079
640,CAF.Cycling,EGR2,-0.6627145583816517
641,CAF.Cycling,EHF,0.14075139324218924
642,CAF.Cycling,ELF1,-0.5959214928296361
643,CAF.Cycling,ELF3,0.5489563734125559
644,CAF.Cycling,ELK1,-0.4750340130040373
645,CAF.Cycling,ELK3,0.7386929467077343
646,CAF.Cycling,ERF,-0.0242334368377602
647,CAF.Cycling,ERG,-0.19035906762727084
648,CAF.Cycling,ESRRA,0.263946590294283
649,CAF.Cycling,ETS2,-0.16894271603991964
650,CAF.Cycling,ETV1,0.08074381152603789
651,CAF.Cycling,ETV2,-0.15575285763340924
652,CAF.Cycling,ETV5,-0.18801514948607087
653,CAF.Cycling,ETV7,-0.28909657533101996
654,CAF.Cycling,FOS,-0.6217085067992104
655,CAF.Cycling,FOSB,-0.4921325894885603
656,CAF.Cycling,FOSL1,1.61028650000985
657,CAF.Cycling,FOXA1,-0.18527394404315825
658,CAF.Cycling,FOXF1,-0.5469561341244622
659,CAF.Cycling,FOXF2,-0.5698905431763628
660,CAF.Cycling,FOXN2,-0.30463354902233103
661,CAF.Cycling,FOXO1,-0.8275606564372635
662,CAF.Cycling,FOXO3,-0.9830831340924424
663,CAF.Cycling,FOXP1,-0.3785692107575075
664,CAF.Cycling,FOXP2,-0.7040104258901458
665,CAF.Cycling,GABPA,-0.2982349912948023
666,CAF.Cycling,GATA2,-0.5456991353084786
667,CAF.Cycling,GATA3,-0.516898477765057
668,CAF.Cycling,GATA5,-0.6568765443831917
669,CAF.Cycling,GATA6,-0.43187265400732605
670,CAF.Cycling,GLI3,-0.5362425661004947
671,CAF.Cycling,GRHL1,0.21179511737921508
672,CAF.Cycling,HES1,-0.21787683803548663
673,CAF.Cycling,HIVEP1,-0.391098240997443
674,CAF.Cycling,HIVEP3,-0.6212458592601884
675,CAF.Cycling,HOXA2,-0.2228995027876099
676,CAF.Cycling,HOXB2,1.056405221018799
677,CAF.Cycling,IKZF1,-0.140455784402035
678,CAF.Cycling,IRF1,-0.6361785814050954
679,CAF.Cycling,IRF2,-0.5144808649259632
680,CAF.Cycling,IRF7,-0.2997984364092493
681,CAF.Cycling,IRF8,-0.6704707463744607
682,CAF.Cycling,IRX3,-0.4773649737455413
683,CAF.Cycling,JUN,-0.46342356902681603
684,CAF.Cycling,JUNB,-0.5264706136358895
685,CAF.Cycling,KLF16,-0.017534747553417575
686,CAF.Cycling,KLF5,-0.02820961877668065
687,CAF.Cycling,KLF6,0.5622671267458751
688,CAF.Cycling,KLF9,-0.6435793039060893
689,CAF.Cycling,LEF1,-0.255979014397871
690,CAF.Cycling,MAFG,-0.43985637751408996
691,CAF.Cycling,MEF2C,-0.3388631120508744
692,CAF.Cycling,MEF2D,-0.7333874626011104
693,CAF.Cycling,MLX,0.1546777932689137
694,CAF.Cycling,MLXIP,-0.7129869976340085
695,CAF.Cycling,MYB,-0.02112913862336571
696,CAF.Cycling,MYBL2,2.2392280045901236
697,CAF.Cycling,MYC,-0.3999902408836266
698,CAF.Cycling,MYCN,0.1451526259457214
699,CAF.Cycling,NFAT5,-0.54018061352813
700,CAF.Cycling,NFATC2,-0.5182025842315435
701,CAF.Cycling,NFATC4,-0.03215593065336575
702,CAF.Cycling,NFE2L1,-0.24791198329537537
703,CAF.Cycling,NFIL3,-0.7849121970918536
704,CAF.Cycling,NFKB2,-0.5814232043159644
705,CAF.Cycling,NKX2-1,-0.14168683687469133
706,CAF.Cycling,NR4A3,-0.35486365039657036
707,CAF.Cycling,ONECUT2,-0.049078540757505125
708,CAF.Cycling,PITX3,-0.2850886356538632
709,CAF.Cycling,PRDM1,-0.33049528357735974
710,CAF.Cycling,RARG,0.010953082182968067
711,CAF.Cycling,RBAK,-0.26713544907645803
712,CAF.Cycling,REL,0.2773467810677732
713,CAF.Cycling,RELA,0.06500498223803584
714,CAF.Cycling,RELB,-0.6317002291563669
715,CAF.Cycling,RFX5,-0.19935039847147593
716,CAF.Cycling,RFX8,0.790011111422028
717,CAF.Cycling,RUNX1,-0.529880405421771
718,CAF.Cycling,RXRA,0.2272780316731192
719,CAF.Cycling,RXRG,-0.20557249036938527
720,CAF.Cycling,SOX11,-0.11456154054252804
721,CAF.Cycling,SOX15,-0.4277409862032098
722,CAF.Cycling,SOX4,0.41591555604361563
723,CAF.Cycling,SOX7,-0.28052365518068556
724,CAF.Cycling,SP1,1.055885982150972
725,CAF.Cycling,SP2,-0.4006905735102998
726,CAF.Cycling,SP6,-0.23687044256383544
727,CAF.Cycling,SPI1,-0.558660568535485
728,CAF.Cycling,SPIB,-0.4935937051613642
729,CAF.Cycling,SREBF2,-0.42411820487946883
730,CAF.Cycling,SRF,-0.13820797307354965
731,CAF.Cycling,STAT1,-0.37722045062033494
732,CAF.Cycling,STAT2,-0.6187482213520442
733,CAF.Cycling,TBP,-0.3881823551320973
734,CAF.Cycling,TCF12,-0.732141686334529
735,CAF.Cycling,TCF7L1,-0.25004474162031126
736,CAF.Cycling,TCF7L2,0.30386509551586427
737,CAF.Cycling,TEAD4,0.5578652633224261
738,CAF.Cycling,TFAP2A,-0.24260217929886407
739,CAF.Cycling,TFCP2L1,0.03091331196710096
740,CAF.Cycling,TFDP1,2.2013235602291603
741,CAF.Cycling,TFE3,-0.2007830490351213
742,CAF.Cycling,TFEB,0.3398799464711805
743,CAF.Cycling,TGIF2,-0.3569516273035176
744,CAF.Cycling,THAP1,-0.37497565177565145
745,CAF.Cycling,THAP11,0.3181820705235571
746,CAF.Cycling,TP53,0.040477564061154526
747,CAF.Cycling,TWIST1,-0.38691456704661403
748,CAF.Cycling,USF1,-0.2480610878697438
749,CAF.Cycling,XBP1,0.6145276066911688
750,CAF.Cycling,YY1,-0.386828359369415
751,CAF.Cycling,YY2,-0.21407058408669385
752,CAF.Cycling,ZBTB33,-0.18416055183943014
753,CAF.Cycling,ZFP64,0.5021604682617703
754,CAF.Cycling,ZFP91,0.6305426075762357
755,CAF.Cycling,ZNF143,-0.1477765386802047
756,CAF.Cycling,ZNF155,-0.34579733611909386
757,CAF.Cycling,ZNF189,-0.3294169074436393
758,CAF.Cycling,ZNF319,-0.15420513727678756
759,CAF.Cycling,ZNF320,-0.21114850074663932
760,CAF.Cycling,ZNF383,-0.4083527858183791
761,CAF.Cycling,ZNF423,-0.5056949429967237
762,CAF.Cycling,ZNF426,-0.4156275856356912
763,CAF.Cycling,ZNF433,-0.18350041044822132
764,CAF.Cycling,ZNF526,0.04604118939131005
765,CAF.Cycling,ZNF527,-0.5125116877015322
766,CAF.Cycling,ZNF583,-0.510795252782628
767,CAF.Cycling,ZNF671,-0.3383938630653656
768,CAF.Cycling,ZNF860,-0.4456510782674316
769,CAF.Cycling,ZNF91,-0.4797438194047425
770,CAF.ISG,AHRR,-0.13723825838150222
771,CAF.ISG,ARID3A,0.058113288776460624
772,CAF.ISG,ARNT,0.16907968625707528
773,CAF.ISG,ATF3,0.4487195906169129
774,CAF.ISG,ATF4,-0.11467159282557615
775,CAF.ISG,ATF6,-0.0677303390593912
776,CAF.ISG,BACH1,0.45292759059934334
777,CAF.ISG,BHLHE40,0.1470077862490969
778,CAF.ISG,CEBPA,-0.11298491528958413
779,CAF.ISG,CEBPB,0.6057298948522015
780,CAF.ISG,CEBPD,0.08442077060328128
781,CAF.ISG,CREB1,0.7621894882313452
782,CAF.ISG,CREB3L1,0.15225715916492338
783,CAF.ISG,CREB3L2,0.02840639891247194
784,CAF.ISG,CREM,0.18638312142624947
785,CAF.ISG,CUX1,0.15058526289351387
786,CAF.ISG,E2F1,-0.16111857207455924
787,CAF.ISG,E2F2,-0.17157322137954048
788,CAF.ISG,E2F3,-0.15012861659018947
789,CAF.ISG,E2F4,-0.04123915427556129
790,CAF.ISG,E2F7,-0.1844749929561925
791,CAF.ISG,E2F8,-0.2859909568819614
792,CAF.ISG,EBF1,-0.04875183108247031
793,CAF.ISG,EGR1,0.27297874021676033
794,CAF.ISG,EGR2,0.1421128013497589
795,CAF.ISG,EHF,-0.11667850638206059
796,CAF.ISG,ELF1,0.03697920025427604
797,CAF.ISG,ELF3,-0.1783854788532806
798,CAF.ISG,ELK1,0.595405747758086
799,CAF.ISG,ELK3,0.12846992356659892
800,CAF.ISG,ERF,-0.1761183674054745
801,CAF.ISG,ERG,0.03305964179055397
802,CAF.ISG,ESRRA,-0.1585900353002467
803,CAF.ISG,ETS2,0.1815063345015837
804,CAF.ISG,ETV1,0.09178274696925076
805,CAF.ISG,ETV2,0.10399494937297797
806,CAF.ISG,ETV5,-0.2924185993116515
807,CAF.ISG,ETV7,1.5744102611253918
808,CAF.ISG,FOS,0.36131320242834236
809,CAF.ISG,FOSB,0.17590462828458048
810,CAF.ISG,FOSL1,-0.008827327657167282
811,CAF.ISG,FOXA1,0.004836278443117374
812,CAF.ISG,FOXF1,-0.08178770225620006
813,CAF.ISG,FOXF2,0.0372327711728227
814,CAF.ISG,FOXN2,-0.15475143572464914
815,CAF.ISG,FOXO1,0.560720075231711
816,CAF.ISG,FOXO3,-0.07033848259086609
817,CAF.ISG,FOXP1,-0.2073760634729356
818,CAF.ISG,FOXP2,0.20565993007591085
819,CAF.ISG,GABPA,0.027528037040819863
820,CAF.ISG,GATA2,0.08147337847574333
821,CAF.ISG,GATA3,0.2103831187839521
822,CAF.ISG,GATA5,-0.21592698090193024
823,CAF.ISG,GATA6,0.0005134382313894774
824,CAF.ISG,GLI3,-0.10947744392772792
825,CAF.ISG,GRHL1,-0.019874271689662833
826,CAF.ISG,HES1,0.0871055609431535
827,CAF.ISG,HIVEP1,0.5983272851768566
828,CAF.ISG,HIVEP3,0.18442816236341777
829,CAF.ISG,HOXA2,-0.07374181237932873
830,CAF.ISG,HOXB2,0.18072850930964549
831,CAF.ISG,IKZF1,-0.038676737984205116
832,CAF.ISG,IRF1,1.7685949919526829
833,CAF.ISG,IRF2,1.1210719970357927
834,CAF.ISG,IRF7,1.9880331384587302
835,CAF.ISG,IRF8,1.0386104962681806
836,CAF.ISG,IRX3,0.021918512577924376
837,CAF.ISG,JUN,0.3891438614540903
838,CAF.ISG,JUNB,0.22084873603319088
839,CAF.ISG,KLF16,-0.1273205998959305
840,CAF.ISG,KLF5,-0.12126741725441367
841,CAF.ISG,KLF6,0.42233089562439036
842,CAF.ISG,KLF9,-0.06238434535597143
843,CAF.ISG,LEF1,0.09759964610163957
844,CAF.ISG,MAFG,0.006783525536583656
845,CAF.ISG,MEF2C,-0.08807454366202228
846,CAF.ISG,MEF2D,-0.19030985743675422
847,CAF.ISG,MLX,-0.17567456871199733
848,CAF.ISG,MLXIP,-0.18271604030984703
849,CAF.ISG,MYB,0.043642684909008855
850,CAF.ISG,MYBL2,-0.1640366149013932
851,CAF.ISG,MYC,0.1959567049520986
852,CAF.ISG,MYCN,-0.18364984961114367
853,CAF.ISG,NFAT5,0.108484836218993
854,CAF.ISG,NFATC2,-0.12740230980549028
855,CAF.ISG,NFATC4,0.038363290742033825
856,CAF.ISG,NFE2L1,-0.12942857067505636
857,CAF.ISG,NFIL3,0.29210139435401455
858,CAF.ISG,NFKB2,0.424400453891974
859,CAF.ISG,NKX2-1,-0.1476459983746226
860,CAF.ISG,NR4A3,-0.025330876603719927
861,CAF.ISG,ONECUT2,-0.05326242687737709
862,CAF.ISG,PITX3,0.0018865133544587966
863,CAF.ISG,PRDM1,0.09082912657344597
864,CAF.ISG,RARG,0.19819949188470973
865,CAF.ISG,RBAK,0.12668550574590773
866,CAF.ISG,REL,-0.06119634066571974
867,CAF.ISG,RELA,0.29594097173722095
868,CAF.ISG,RELB,1.3027745832856723
869,CAF.ISG,RFX5,0.12303238725730775
870,CAF.ISG,RFX8,-0.125400873047699
871,CAF.ISG,RUNX1,0.19809833910637867
872,CAF.ISG,RXRA,0.1439488791812674
873,CAF.ISG,RXRG,-0.023001613883668157
874,CAF.ISG,SOX11,0.19299012108638453
875,CAF.ISG,SOX15,-0.054221570628828056
876,CAF.ISG,SOX4,0.22304286255816566
877,CAF.ISG,SOX7,-0.02674922230830214
878,CAF.ISG,SP1,-0.09361332920022804
879,CAF.ISG,SP2,0.0891514061591168
880,CAF.ISG,SP6,-0.06770365405405036
881,CAF.ISG,SPI1,0.8596171129109235
882,CAF.ISG,SPIB,0.5150465544903119
883,CAF.ISG,SREBF2,-0.17381376621971825
884,CAF.ISG,SRF,0.24818498464854424
885,CAF.ISG,STAT1,2.0922550978138172
886,CAF.ISG,STAT2,1.508950792510996
887,CAF.ISG,TBP,-0.029574982512075007
888,CAF.ISG,TCF12,0.09590608572976939
889,CAF.ISG,TCF7L1,-0.02173615238357969
890,CAF.ISG,TCF7L2,-0.09249998257298346
891,CAF.ISG,TEAD4,0.04909759942434176
892,CAF.ISG,TFAP2A,-0.10931143478120002
893,CAF.ISG,TFCP2L1,-0.13998579678454795
894,CAF.ISG,TFDP1,-0.23736847479216933
895,CAF.ISG,TFE3,-0.08177501467212739
896,CAF.ISG,TFEB,-0.12297695682496884
897,CAF.ISG,TGIF2,0.060373159600131086
898,CAF.ISG,THAP1,-0.14326766819455514
899,CAF.ISG,THAP11,-0.2592440240175667
900,CAF.ISG,TP53,0.5396241747316352
901,CAF.ISG,TWIST1,0.38769691961370256
902,CAF.ISG,USF1,0.18090565833045189
903,CAF.ISG,XBP1,0.2776606866234794
904,CAF.ISG,YY1,0.012366507236516455
905,CAF.ISG,YY2,-0.1911670622984737
906,CAF.ISG,ZBTB33,0.8111658288413098
907,CAF.ISG,ZFP64,-0.11943716227426389
908,CAF.ISG,ZFP91,-0.055658292945000035
909,CAF.ISG,ZNF143,0.07844920780543999
910,CAF.ISG,ZNF155,0.025474400288605214
911,CAF.ISG,ZNF189,-0.304781324628456
912,CAF.ISG,ZNF319,0.09611318650650333
913,CAF.ISG,ZNF320,-0.004792828540888632
914,CAF.ISG,ZNF383,-0.16287547671849836
915,CAF.ISG,ZNF423,0.2982306991775299
916,CAF.ISG,ZNF426,-0.040174770706560135
917,CAF.ISG,ZNF433,-0.02421174622586959
918,CAF.ISG,ZNF526,-0.10742705745895073
919,CAF.ISG,ZNF527,-0.16041528480221162
920,CAF.ISG,ZNF583,0.25705611340084655
921,CAF.ISG,ZNF671,-0.13470946575056594
922,CAF.ISG,ZNF860,-0.2663937012391224
923,CAF.ISG,ZNF91,-0.0990800243420501
924,CAF.OGN,AHRR,0.10542012447741492
925,CAF.OGN,ARID3A,-0.3259403180046474
926,CAF.OGN,ARNT,-0.06458818938010912
927,CAF.OGN,ATF3,0.026734954510641173
928,CAF.OGN,ATF4,0.2044254697492469
929,CAF.OGN,ATF6,0.0576340302387926
930,CAF.OGN,BACH1,0.7132660075477959
931,CAF.OGN,BHLHE40,-0.2952367176439128
932,CAF.OGN,CEBPA,-0.13748722715319348
933,CAF.OGN,CEBPB,1.2231210427934849
934,CAF.OGN,CEBPD,0.5368998563362201
935,CAF.OGN,CREB1,-0.3941369003894797
936,CAF.OGN,CREB3L1,-0.0011309501472531126
937,CAF.OGN,CREB3L2,-0.25851610203887615
938,CAF.OGN,CREM,-0.34992325351679926
939,CAF.OGN,CUX1,-0.04842876773516463
940,CAF.OGN,E2F1,-0.5595711124044572
941,CAF.OGN,E2F2,-0.18025548463024255
942,CAF.OGN,E2F3,-0.33492995614208815
943,CAF.OGN,E2F4,-0.5008867300516062
944,CAF.OGN,E2F7,-0.1791352795403444
945,CAF.OGN,E2F8,-0.4353611035941191
946,CAF.OGN,EBF1,-0.3353593247523236
947,CAF.OGN,EGR1,0.31551745547426996
948,CAF.OGN,EGR2,0.09977956548368057
949,CAF.OGN,EHF,-0.1481782085713808
950,CAF.OGN,ELF1,0.41599528371972383
951,CAF.OGN,ELF3,-0.18726675705750742
952,CAF.OGN,ELK1,0.0760912531092497
953,CAF.OGN,ELK3,-0.16663470671155123
954,CAF.OGN,ERF,-0.4204556900441536
955,CAF.OGN,ERG,-0.03448496347903
956,CAF.OGN,ESRRA,-0.18367749240393536
957,CAF.OGN,ETS2,-0.08849195995966201
958,CAF.OGN,ETV1,0.12107691603592988
959,CAF.OGN,ETV2,0.03458448160604904
960,CAF.OGN,ETV5,-0.41604188759049504
961,CAF.OGN,ETV7,0.09008782165519291
962,CAF.OGN,FOS,0.21031638365476024
963,CAF.OGN,FOSB,0.30510739723397695
964,CAF.OGN,FOSL1,-0.4274555464439525
965,CAF.OGN,FOXA1,0.0585923831493467
966,CAF.OGN,FOXF1,-0.5737801232178106
967,CAF.OGN,FOXF2,-0.3516753643893912
968,CAF.OGN,FOXN2,0.07773594852506839
969,CAF.OGN,FOXO1,0.9148096148006692
970,CAF.OGN,FOXO3,0.687504684365254
971,CAF.OGN,FOXP1,-0.04526970110924676
972,CAF.OGN,FOXP2,1.3046062801162737
973,CAF.OGN,GABPA,-0.05111797109165414
974,CAF.OGN,GATA2,0.4471087998559831
975,CAF.OGN,GATA3,0.482474729827343
976,CAF.OGN,GATA5,0.9357483223699491
977,CAF.OGN,GATA6,1.1707875422546346
978,CAF.OGN,GLI3,0.08843322617623739
979,CAF.OGN,GRHL1,0.2637483631768113
980,CAF.OGN,HES1,-0.29340433023991364
981,CAF.OGN,HIVEP1,0.07218282093408658
982,CAF.OGN,HIVEP3,0.5863497416048927
983,CAF.OGN,HOXA2,-0.02884447357099145
984,CAF.OGN,HOXB2,-0.3796208670892325
985,CAF.OGN,IKZF1,-0.6706532770354084
986,CAF.OGN,IRF1,0.18594730173487797
987,CAF.OGN,IRF2,0.06853553223984317
988,CAF.OGN,IRF7,-0.31588165060375845
989,CAF.OGN,IRF8,0.8602713462342534
990,CAF.OGN,IRX3,0.30209183438727094
991,CAF.OGN,JUN,0.22655190153033647
992,CAF.OGN,JUNB,0.20640535501536916
993,CAF.OGN,KLF16,-0.04957904751884517
994,CAF.OGN,KLF5,0.042413243945647675
995,CAF.OGN,KLF6,-0.6409990972244146
996,CAF.OGN,KLF9,0.25977242760201125
997,CAF.OGN,LEF1,1.0473424471028019
998,CAF.OGN,MAFG,0.12405118515301755
999,CAF.OGN,MEF2C,-0.5676239680716851
1000,CAF.OGN,MEF2D,-0.24490448999005748
1001,CAF.OGN,MLX,-0.13757913116771373
1002,CAF.OGN,MLXIP,0.1860724295700279
1003,CAF.OGN,MYB,0.06602877926812434
1004,CAF.OGN,MYBL2,-0.5040245633016527
1005,CAF.OGN,MYC,0.3788871009076079
1006,CAF.OGN,MYCN,-0.11157947371370663
1007,CAF.OGN,NFAT5,0.44742030487770057
1008,CAF.OGN,NFATC2,0.1773800175587023
1009,CAF.OGN,NFATC4,0.7441996757153589
1010,CAF.OGN,NFE2L1,-0.05889217650688151
1011,CAF.OGN,NFIL3,0.5435326454147518
1012,CAF.OGN,NFKB2,0.634651045948211
1013,CAF.OGN,NKX2-1,0.0124729311887941
1014,CAF.OGN,NR4A3,0.053600661185557466
1015,CAF.OGN,ONECUT2,-0.09144098072653943
1016,CAF.OGN,PITX3,-0.06212109714141328
1017,CAF.OGN,PRDM1,-0.06517375852348213
1018,CAF.OGN,RARG,0.47738031552118465
1019,CAF.OGN,RBAK,-0.12496946975259592
1020,CAF.OGN,REL,0.02653544946949338
1021,CAF.OGN,RELA,-0.34584779239823177
1022,CAF.OGN,RELB,0.5396004033944305
1023,CAF.OGN,RFX5,0.040739025983572735
1024,CAF.OGN,RFX8,-0.3742873502215573
1025,CAF.OGN,RUNX1,-0.18496348340292532
1026,CAF.OGN,RXRA,-0.040428567191243915
1027,CAF.OGN,RXRG,-0.14788926510024733
1028,CAF.OGN,SOX11,-0.23596127165100939
1029,CAF.OGN,SOX15,0.13213885402241293
1030,CAF.OGN,SOX4,-0.1982471976473851
1031,CAF.OGN,SOX7,-0.16358137117587604
1032,CAF.OGN,SP1,-0.2661887702273294
1033,CAF.OGN,SP2,0.20416742649987613
1034,CAF.OGN,SP6,-0.13556609739624784
1035,CAF.OGN,SPI1,0.529373175355218
1036,CAF.OGN,SPIB,0.21551288667300328
1037,CAF.OGN,SREBF2,-0.080422449623278
1038,CAF.OGN,SRF,-0.6920212390331578
1039,CAF.OGN,STAT1,-0.05465013180601385
1040,CAF.OGN,STAT2,0.42442110796475335
1041,CAF.OGN,TBP,-0.030770178737779763
1042,CAF.OGN,TCF12,0.9497635892676655
1043,CAF.OGN,TCF7L1,-0.13797535335985447
1044,CAF.OGN,TCF7L2,0.6348646840623149
1045,CAF.OGN,TEAD4,-0.691788647194218
1046,CAF.OGN,TFAP2A,-0.02284906106025957
1047,CAF.OGN,TFCP2L1,-0.07917958068053466
1048,CAF.OGN,TFDP1,-0.5152938976061696
1049,CAF.OGN,TFE3,-0.13670079482776065
1050,CAF.OGN,TFEB,-0.24564967716594702
1051,CAF.OGN,TGIF2,0.6776097343525109
1052,CAF.OGN,THAP1,-0.1360644567236858
1053,CAF.OGN,THAP11,0.1625293915089843
1054,CAF.OGN,TP53,-0.3111203268084347
1055,CAF.OGN,TWIST1,0.6133136219069902
1056,CAF.OGN,USF1,-0.4102358882383411
1057,CAF.OGN,XBP1,-0.008084354305263731
1058,CAF.OGN,YY1,-0.043648978168139896
1059,CAF.OGN,YY2,-0.424414603497218
1060,CAF.OGN,ZBTB33,0.005781841541282762
1061,CAF.OGN,ZFP64,0.1390257275819195
1062,CAF.OGN,ZFP91,0.008437870840432155
1063,CAF.OGN,ZNF143,-0.07845129397327724
1064,CAF.OGN,ZNF155,0.47155546297098144
1065,CAF.OGN,ZNF189,-0.40920882904613365
1066,CAF.OGN,ZNF319,0.00878097015847478
1067,CAF.OGN,ZNF320,-0.2645259176066232
1068,CAF.OGN,ZNF383,0.4683939610732559
1069,CAF.OGN,ZNF423,0.04566912789851704
1070,CAF.OGN,ZNF426,1.2589648576518657
1071,CAF.OGN,ZNF433,0.16691468072951723
1072,CAF.OGN,ZNF526,-0.1895944931636555
1073,CAF.OGN,ZNF527,-0.25998025553442106
1074,CAF.OGN,ZNF583,0.15720072395919787
1075,CAF.OGN,ZNF671,-0.27435343671991314
1076,CAF.OGN,ZNF860,0.21117762445261412
1077,CAF.OGN,ZNF91,0.13204143796890433
1078,CAF.Ribo,AHRR,-0.023277170323290762
1079,CAF.Ribo,ARID3A,-0.30541122871030724
1080,CAF.Ribo,ARNT,-0.15162488435588847
1081,CAF.Ribo,ATF3,-0.13222079675558795
1082,CAF.Ribo,ATF4,0.6037613711916665
1083,CAF.Ribo,ATF6,-0.3765945147525569
1084,CAF.Ribo,BACH1,-0.1605059700567956
1085,CAF.Ribo,BHLHE40,0.27771692552401817
1086,CAF.Ribo,CEBPA,0.02940674129719993
1087,CAF.Ribo,CEBPB,-0.5943553650279708
1088,CAF.Ribo,CEBPD,-0.6419933230371376
1089,CAF.Ribo,CREB1,-0.46778423744935244
1090,CAF.Ribo,CREB3L1,0.0741193658921672
1091,CAF.Ribo,CREB3L2,0.10691319371349936
1092,CAF.Ribo,CREM,-0.16437617631907747
1093,CAF.Ribo,CUX1,-0.07164967471207613
1094,CAF.Ribo,E2F1,-0.16735818491363433
1095,CAF.Ribo,E2F2,-0.176372763226692
1096,CAF.Ribo,E2F3,-0.266523712857513
1097,CAF.Ribo,E2F4,0.00993678210047072
1098,CAF.Ribo,E2F7,0.18460450205128584
1099,CAF.Ribo,E2F8,-0.21410761181233492
1100,CAF.Ribo,EBF1,-0.4875119668981253
1101,CAF.Ribo,EGR1,-0.40983529354052256
1102,CAF.Ribo,EGR2,-0.16627604540596608
1103,CAF.Ribo,EHF,0.432565260881278
1104,CAF.Ribo,ELF1,-0.27811885839846456
1105,CAF.Ribo,ELF3,0.5956060068308564
1106,CAF.Ribo,ELK1,-0.2556537384219413
1107,CAF.Ribo,ELK3,0.47533490606972106
1108,CAF.Ribo,ERF,0.11307248788181452
1109,CAF.Ribo,ERG,0.3103063060603707
1110,CAF.Ribo,ESRRA,0.26066538711441584
1111,CAF.Ribo,ETS2,0.49049263069124777
1112,CAF.Ribo,ETV1,0.138614558739806
1113,CAF.Ribo,ETV2,0.20592987682561062
1114,CAF.Ribo,ETV5,-0.11182149122134281
1115,CAF.Ribo,ETV7,-0.5475723892453952
1116,CAF.Ribo,FOS,-0.3507594471293422
1117,CAF.Ribo,FOSB,-0.45341364811108814
1118,CAF.Ribo,FOSL1,0.41085301970027227
1119,CAF.Ribo,FOXA1,0.04507137802852112
1120,CAF.Ribo,FOXF1,-0.7014548770962495
1121,CAF.Ribo,FOXF2,-0.4074175790769969
1122,CAF.Ribo,FOXN2,-0.15083506192756793
1123,CAF.Ribo,FOXO1,-0.2928555065317975
1124,CAF.Ribo,FOXO3,-0.4587737654539497
1125,CAF.Ribo,FOXP1,-0.007806092004944439
1126,CAF.Ribo,FOXP2,-0.37207684704698657
1127,CAF.Ribo,GABPA,0.00019115456643215267
1128,CAF.Ribo,GATA2,-0.08915115372793334
1129,CAF.Ribo,GATA3,-0.4246547668084059
1130,CAF.Ribo,GATA5,-0.4397687506983669
1131,CAF.Ribo,GATA6,-0.2817816422785133
1132,CAF.Ribo,GLI3,-0.2373157442963329
1133,CAF.Ribo,GRHL1,0.015355401803470904
1134,CAF.Ribo,HES1,0.2091383509129814
1135,CAF.Ribo,HIVEP1,-0.34178512347343376
1136,CAF.Ribo,HIVEP3,-0.388357414194136
1137,CAF.Ribo,HOXA2,0.19478882270292275
1138,CAF.Ribo,HOXB2,0.19609436387478274
1139,CAF.Ribo,IKZF1,-0.39814943681612713
1140,CAF.Ribo,IRF1,-0.5864378014069132
1141,CAF.Ribo,IRF2,-0.7138745260419442
1142,CAF.Ribo,IRF7,-0.5134880763192714
1143,CAF.Ribo,IRF8,-0.6806099612573911
1144,CAF.Ribo,IRX3,-0.09488297166232781
1145,CAF.Ribo,JUN,-0.3684466778613742
1146,CAF.Ribo,JUNB,-0.19545088998479784
1147,CAF.Ribo,KLF16,0.3084680186580629
1148,CAF.Ribo,KLF5,0.552303849792288
1149,CAF.Ribo,KLF6,-0.6453289540656036
1150,CAF.Ribo,KLF9,-0.5474477776305865
1151,CAF.Ribo,LEF1,-0.3349038774719131
1152,CAF.Ribo,MAFG,0.14669051175718725
1153,CAF.Ribo,MEF2C,-0.4994010217635008
1154,CAF.Ribo,MEF2D,-0.4509189700902293
1155,CAF.Ribo,MLX,0.26188361421179407
1156,CAF.Ribo,MLXIP,-0.06426671751952164
1157,CAF.Ribo,MYB,-0.3797014035069185
1158,CAF.Ribo,MYBL2,-0.29975849606988925
1159,CAF.Ribo,MYC,-0.5301116561850432
1160,CAF.Ribo,MYCN,0.41829778884029467
1161,CAF.Ribo,NFAT5,-0.3463584966147532
1162,CAF.Ribo,NFATC2,-0.5228309505283951
1163,CAF.Ribo,NFATC4,-0.14539397569556942
1164,CAF.Ribo,NFE2L1,0.007596194560705857
1165,CAF.Ribo,NFIL3,-0.32193469038537614
1166,CAF.Ribo,NFKB2,-0.5623650365767981
1167,CAF.Ribo,NKX2-1,0.2518920220557211
1168,CAF.Ribo,NR4A3,-0.0569045175883893
1169,CAF.Ribo,ONECUT2,0.20947329349426833
1170,CAF.Ribo,PITX3,-0.4008179196713472
1171,CAF.Ribo,PRDM1,-0.26040687230744924
1172,CAF.Ribo,RARG,-0.15133192203058113
1173,CAF.Ribo,RBAK,-0.03598140614672324
1174,CAF.Ribo,REL,0.5081749749957314
1175,CAF.Ribo,RELA,-0.04208351862480513
1176,CAF.Ribo,RELB,-0.5513554701224447
1177,CAF.Ribo,RFX5,-0.1642077373943807
1178,CAF.Ribo,RFX8,0.12123561277164673
1179,CAF.Ribo,RUNX1,-0.19948369370590507
1180,CAF.Ribo,RXRA,0.28705096529415014
1181,CAF.Ribo,RXRG,-0.3614227310173718
1182,CAF.Ribo,SOX11,-0.09917214567967492
1183,CAF.Ribo,SOX15,-0.048112363614388254
1184,CAF.Ribo,SOX4,-0.20030337895442846
1185,CAF.Ribo,SOX7,0.09813428400605813
1186,CAF.Ribo,SP1,-0.2064192130118905
1187,CAF.Ribo,SP2,-0.5063131303217572
1188,CAF.Ribo,SP6,0.2707688215522824
1189,CAF.Ribo,SPI1,-0.22442130191967763
1190,CAF.Ribo,SPIB,-0.39164204402036634
1191,CAF.Ribo,SREBF2,-0.2078237156643989
1192,CAF.Ribo,SRF,-0.30099916583901987
1193,CAF.Ribo,STAT1,-0.6586148031560435
1194,CAF.Ribo,STAT2,-0.5848285734588787
1195,CAF.Ribo,TBP,-0.3498104870770952
1196,CAF.Ribo,TCF12,-0.5203515535853797
1197,CAF.Ribo,TCF7L1,-0.03952548710142451
1198,CAF.Ribo,TCF7L2,-0.3627996736312298
1199,CAF.Ribo,TEAD4,0.009382885018629834
1200,CAF.Ribo,TFAP2A,0.39962348956792454
1201,CAF.Ribo,TFCP2L1,0.6049637172214569
1202,CAF.Ribo,TFDP1,0.18745535559903317
1203,CAF.Ribo,TFE3,-0.054232554394343414
1204,CAF.Ribo,TFEB,0.12354682665526605
1205,CAF.Ribo,TGIF2,-0.11208329645676691
1206,CAF.Ribo,THAP1,0.02217956448486096
1207,CAF.Ribo,THAP11,0.12206826846421244
1208,CAF.Ribo,TP53,-0.3551670693991136
1209,CAF.Ribo,TWIST1,-0.4905279445160441
1210,CAF.Ribo,USF1,-0.40818533585629196
1211,CAF.Ribo,XBP1,0.09665798872330651
1212,CAF.Ribo,YY1,-0.623748801026863
1213,CAF.Ribo,YY2,-0.1326580071838631
1214,CAF.Ribo,ZBTB33,0.03863362875108611
1215,CAF.Ribo,ZFP64,0.3258239444978809
1216,CAF.Ribo,ZFP91,-0.21554963537251426
1217,CAF.Ribo,ZNF143,-0.11990295950792089
1218,CAF.Ribo,ZNF155,-0.1179622271309526
1219,CAF.Ribo,ZNF189,-0.21921111458922365
1220,CAF.Ribo,ZNF319,-0.01746429811459614
1221,CAF.Ribo,ZNF320,-0.05370611800463118
1222,CAF.Ribo,ZNF383,-0.22287777880735377
1223,CAF.Ribo,ZNF423,-0.19048568483130615
1224,CAF.Ribo,ZNF426,-0.3685559763151141
1225,CAF.Ribo,ZNF433,-0.010384521150629553
1226,CAF.Ribo,ZNF526,-0.1261137252500408
1227,CAF.Ribo,ZNF527,-0.2982670458474749
1228,CAF.Ribo,ZNF583,-0.19613221303188175
1229,CAF.Ribo,ZNF671,-0.43474343811626304
1230,CAF.Ribo,ZNF860,-0.37095212020382506
1231,CAF.Ribo,ZNF91,-0.2901197985243984
1232,Myofibroblast,AHRR,-0.08592573510660072
1233,Myofibroblast,ARID3A,-0.016286067141192354
1234,Myofibroblast,ARNT,-0.2067950294081819
1235,Myofibroblast,ATF3,-0.02991849740090057
1236,Myofibroblast,ATF4,0.498309377886684
1237,Myofibroblast,ATF6,-0.09144570670849649
1238,Myofibroblast,BACH1,-0.334116207155277
1239,Myofibroblast,BHLHE40,-0.05576290566949464
1240,Myofibroblast,CEBPA,0.1832219312375955
1241,Myofibroblast,CEBPB,-0.3602284463110387
1242,Myofibroblast,CEBPD,-0.3332777203439761
1243,Myofibroblast,CREB1,-0.2860355958771815
1244,Myofibroblast,CREB3L1,0.23286765539678234
1245,Myofibroblast,CREB3L2,0.3461774570368282
1246,Myofibroblast,CREM,0.07331591110278622
1247,Myofibroblast,CUX1,0.29875115304595506
1248,Myofibroblast,E2F1,-0.06553974079298569
1249,Myofibroblast,E2F2,-0.11236996896544174
1250,Myofibroblast,E2F3,0.43756291611716097
1251,Myofibroblast,E2F4,0.14115092940930493
1252,Myofibroblast,E2F7,-0.23135040055586284
1253,Myofibroblast,E2F8,-0.484646846862828
1254,Myofibroblast,EBF1,-0.4947951725968261
1255,Myofibroblast,EGR1,0.033585812502975466
1256,Myofibroblast,EGR2,0.7853396505893908
1257,Myofibroblast,EHF,-0.057586386859884445
1258,Myofibroblast,ELF1,-0.14988595869170096
1259,Myofibroblast,ELF3,0.2076928872620077
1260,Myofibroblast,ELK1,-0.36593306924648483
1261,Myofibroblast,ELK3,-0.042466940337402066
1262,Myofibroblast,ERF,0.12420277249196648
1263,Myofibroblast,ERG,0.6406634137911126
1264,Myofibroblast,ESRRA,-0.048175080714832806
1265,Myofibroblast,ETS2,0.10135432934946227
1266,Myofibroblast,ETV1,0.4740152128971379
1267,Myofibroblast,ETV2,0.34824724237562604
1268,Myofibroblast,ETV5,0.7979223093311887
1269,Myofibroblast,ETV7,-0.8683074555871335
1270,Myofibroblast,FOS,0.02370471078029228
1271,Myofibroblast,FOSB,-0.0319755928267986
1272,Myofibroblast,FOSL1,-0.18968089553347336
1273,Myofibroblast,FOXA1,-0.16415654586766698
1274,Myofibroblast,FOXF1,1.0881823319159896
1275,Myofibroblast,FOXF2,0.7154406590535733
1276,Myofibroblast,FOXN2,-0.048614201773346945
1277,Myofibroblast,FOXO1,-0.047105987159035724
1278,Myofibroblast,FOXO3,0.10506678967444857
1279,Myofibroblast,FOXP1,0.2824670337794162
1280,Myofibroblast,FOXP2,-0.3330444373638823
1281,Myofibroblast,GABPA,-0.0019760971338109246
1282,Myofibroblast,GATA2,0.26292729655114006
1283,Myofibroblast,GATA3,0.022463232349480527
1284,Myofibroblast,GATA5,0.4095126397144304
1285,Myofibroblast,GATA6,-0.26037246061890057
1286,Myofibroblast,GLI3,0.8439011393669185
1287,Myofibroblast,GRHL1,0.1570949050843476
1288,Myofibroblast,HES1,0.04677418573800893
1289,Myofibroblast,HIVEP1,-0.4194833351979795
1290,Myofibroblast,HIVEP3,-0.22449898774177096
1291,Myofibroblast,HOXA2,-0.1020517172135768
1292,Myofibroblast,HOXB2,0.25229197452933166
1293,Myofibroblast,IKZF1,0.03170816186597422
1294,Myofibroblast,IRF1,-0.5505233830120727
1295,Myofibroblast,IRF2,-0.6008406785220965
1296,Myofibroblast,IRF7,-0.5315604203416042
1297,Myofibroblast,IRF8,-0.8289579947117836
1298,Myofibroblast,IRX3,0.6370708597904826
1299,Myofibroblast,JUN,-0.09565697036054999
1300,Myofibroblast,JUNB,0.010400629255847725
1301,Myofibroblast,KLF16,0.1639572591687635
1302,Myofibroblast,KLF5,-0.06602625715861213
1303,Myofibroblast,KLF6,0.3679764269354131
1304,Myofibroblast,KLF9,-0.23731037681030442
1305,Myofibroblast,LEF1,0.1318989152395756
1306,Myofibroblast,MAFG,0.07598822957871047
1307,Myofibroblast,MEF2C,-0.35041812276982004
1308,Myofibroblast,MEF2D,0.3722932452109194
1309,Myofibroblast,MLX,-0.05712725403569918
1310,Myofibroblast,MLXIP,0.24865601922671285
1311,Myofibroblast,MYB,0.13688140847119473
1312,Myofibroblast,MYBL2,0.07209329341978132
1313,Myofibroblast,MYC,-0.28062651062533245
1314,Myofibroblast,MYCN,-0.20088240093295764
1315,Myofibroblast,NFAT5,-0.10917875883203769
1316,Myofibroblast,NFATC2,-0.2737384858158252
1317,Myofibroblast,NFATC4,-0.29011587707677666
1318,Myofibroblast,NFE2L1,0.12831216135266937
1319,Myofibroblast,NFIL3,-0.14860254514851512
1320,Myofibroblast,NFKB2,0.056743375665052616
1321,Myofibroblast,NKX2-1,-0.14026726317235888
1322,Myofibroblast,NR4A3,-0.1444932485307537
1323,Myofibroblast,ONECUT2,0.16710707102154967
1324,Myofibroblast,PITX3,-0.053256247652374196
1325,Myofibroblast,PRDM1,0.33001902728669036
1326,Myofibroblast,RARG,-0.599226708083221
1327,Myofibroblast,RBAK,-0.03306002298095176
1328,Myofibroblast,REL,0.16283631930949233
1329,Myofibroblast,RELA,-0.39407339652254
1330,Myofibroblast,RELB,-0.7162873821393918
1331,Myofibroblast,RFX5,-0.2650423179720053
1332,Myofibroblast,RFX8,-0.16271547323425856
1333,Myofibroblast,RUNX1,0.6642680655999549
1334,Myofibroblast,RXRA,-0.07019733682614555
1335,Myofibroblast,RXRG,-0.40101341225937714
1336,Myofibroblast,SOX11,0.5432112317521512
1337,Myofibroblast,SOX15,-0.014251834280981819
1338,Myofibroblast,SOX4,0.13428071797014948
1339,Myofibroblast,SOX7,0.22958340564293822
1340,Myofibroblast,SP1,0.03438909131339915
1341,Myofibroblast,SP2,-0.26161962338022177
1342,Myofibroblast,SP6,0.004710146914322104
1343,Myofibroblast,SPI1,-0.4590757765106293
1344,Myofibroblast,SPIB,-0.2627058782265397
1345,Myofibroblast,SREBF2,-0.06544680805958487
1346,Myofibroblast,SRF,0.6716238610448261
1347,Myofibroblast,STAT1,-0.8126112485578275
1348,Myofibroblast,STAT2,-0.20651908584786463
1349,Myofibroblast,TBP,0.4783813009602539
1350,Myofibroblast,TCF12,-0.11446592929465854
1351,Myofibroblast,TCF7L1,0.1502711019368489
1352,Myofibroblast,TCF7L2,-0.23819888620098192
1353,Myofibroblast,TEAD4,0.5566013892581664
1354,Myofibroblast,TFAP2A,0.055581057943787156
1355,Myofibroblast,TFCP2L1,-0.06608751793687791
1356,Myofibroblast,TFDP1,0.15860793680862947
1357,Myofibroblast,TFE3,-0.2841610283246111
1358,Myofibroblast,TFEB,0.016926605014507847
1359,Myofibroblast,TGIF2,-0.32473582965796555
1360,Myofibroblast,THAP1,0.10799332958592076
1361,Myofibroblast,THAP11,0.020904640840934866
1362,Myofibroblast,TP53,0.04926116890060833
1363,Myofibroblast,TWIST1,0.11351596643408725
1364,Myofibroblast,USF1,-0.4523827014633316
1365,Myofibroblast,XBP1,0.10965448798454046
1366,Myofibroblast,YY1,-0.22716344029194585
1367,Myofibroblast,YY2,0.8844593505322972
1368,Myofibroblast,ZBTB33,-0.2739955629511738
1369,Myofibroblast,ZFP64,-0.05750492223420347
1370,Myofibroblast,ZFP91,-0.2577591370443052
1371,Myofibroblast,ZNF143,0.19098154077427715
1372,Myofibroblast,ZNF155,-0.030217343060509876
1373,Myofibroblast,ZNF189,0.6145191858319489
1374,Myofibroblast,ZNF319,0.1552130233947713
1375,Myofibroblast,ZNF320,0.3984259983418578
1376,Myofibroblast,ZNF383,-0.15666639188297105
1377,Myofibroblast,ZNF423,-0.37600538162060065
1378,Myofibroblast,ZNF426,-0.172219681116759
1379,Myofibroblast,ZNF433,-0.10065718928543883
1380,Myofibroblast,ZNF526,-0.142399916298582
1381,Myofibroblast,ZNF527,1.1221054189063484
1382,Myofibroblast,ZNF583,-0.09178786616421764
1383,Myofibroblast,ZNF671,-0.4115119695509318
1384,Myofibroblast,ZNF860,0.2158108146940791
1385,Myofibroblast,ZNF91,0.22794920742646632
1386,Pericyte,AHRR,-0.2105785574270965
1387,Pericyte,ARID3A,0.6116462732138082
1388,Pericyte,ARNT,-0.0282647473330917
1389,Pericyte,ATF3,0.18320494650731722
1390,Pericyte,ATF4,-0.1548852083511616
1391,Pericyte,ATF6,0.06179238464404945
1392,Pericyte,BACH1,-0.33571034408163825
1393,Pericyte,BHLHE40,-0.08872759472579375
1394,Pericyte,CEBPA,0.03642667183436761
1395,Pericyte,CEBPB,-0.3552142465840387
1396,Pericyte,CEBPD,0.07354955772814996
1397,Pericyte,CREB1,0.5056027155758888
1398,Pericyte,CREB3L1,-0.1641195667057614
1399,Pericyte,CREB3L2,-0.31396125813599507
1400,Pericyte,CREM,0.17892075855435072
1401,Pericyte,CUX1,-0.20494740501773537
1402,Pericyte,E2F1,0.2824947599064694
1403,Pericyte,E2F2,0.4870249522111335
1404,Pericyte,E2F3,0.4314980571902403
1405,Pericyte,E2F4,0.26233386228577793
1406,Pericyte,E2F7,-0.1652091266908629
1407,Pericyte,E2F8,0.49272672301091347
1408,Pericyte,EBF1,0.841991963357299
1409,Pericyte,EGR1,0.146407528458423
1410,Pericyte,EGR2,-0.3006625704977849
1411,Pericyte,EHF,-0.11667762596215694
1412,Pericyte,ELF1,0.009209260559047442
1413,Pericyte,ELF3,-0.08952070035837466
1414,Pericyte,ELK1,0.15197463262310232
1415,Pericyte,ELK3,-0.168820037924082
1416,Pericyte,ERF,0.14139260246842317
1417,Pericyte,ERG,-0.48033548685002236
1418,Pericyte,ESRRA,0.045035507566491495
1419,Pericyte,ETS2,-0.03653067393950029
1420,Pericyte,ETV1,-0.4989924823455421
1421,Pericyte,ETV2,-0.2540022080610446
1422,Pericyte,ETV5,0.2489197242464361
1423,Pericyte,ETV7,0.2150098674329074
1424,Pericyte,FOS,0.19056051692573003
1425,Pericyte,FOSB,0.22625431383160768
1426,Pericyte,FOSL1,-0.10639980201641672
1427,Pericyte,FOXA1,0.2205267767045681
1428,Pericyte,FOXF1,0.39793720422436674
1429,Pericyte,FOXF2,0.14905120608311292
1430,Pericyte,FOXN2,0.024962108651961863
1431,Pericyte,FOXO1,-0.5826698353263935
1432,Pericyte,FOXO3,-0.34858156417036607
1433,Pericyte,FOXP1,-0.1722160058361296
1434,Pericyte,FOXP2,-0.5889168556369263
1435,Pericyte,GABPA,0.12217630953627473
1436,Pericyte,GATA2,-0.18935983914131618
1437,Pericyte,GATA3,-0.08319388279192812
1438,Pericyte,GATA5,-0.43690937505959715
1439,Pericyte,GATA6,-0.3492163851997747
1440,Pericyte,GLI3,-0.3935865072296957
1441,Pericyte,GRHL1,-0.14285414900727167
1442,Pericyte,HES1,0.0625957472724778
1443,Pericyte,HIVEP1,0.14567921527420627
1444,Pericyte,HIVEP3,-0.1318542295935566
1445,Pericyte,HOXA2,-0.0938994030665913
1446,Pericyte,HOXB2,-0.1449186323943866
1447,Pericyte,IKZF1,0.792185426730945
1448,Pericyte,IRF1,0.10030134993004734
1449,Pericyte,IRF2,0.5520901775249517
1450,Pericyte,IRF7,0.2667837710487596
1451,Pericyte,IRF8,-0.017775006585949268
1452,Pericyte,IRX3,-0.3658350067444378
1453,Pericyte,JUN,0.23454068879120546
1454,Pericyte,JUNB,0.06470338965830894
1455,Pericyte,KLF16,-0.23369507797467282
1456,Pericyte,KLF5,-0.1540956492000346
1457,Pericyte,KLF6,0.4776657539244094
1458,Pericyte,KLF9,0.4002389565952084
1459,Pericyte,LEF1,-0.28170379661894146
1460,Pericyte,MAFG,-0.012075404327139888
1461,Pericyte,MEF2C,0.8874686113062411
1462,Pericyte,MEF2D,0.29515075648835454
1463,Pericyte,MLX,0.28784370998942466
1464,Pericyte,MLXIP,-0.06203551662270758
1465,Pericyte,MYB,0.337713839514992
1466,Pericyte,MYBL2,0.07749114678078735
1467,Pericyte,MYC,0.22269063289827348
1468,Pericyte,MYCN,-0.0868557219254785
1469,Pericyte,NFAT5,0.09154073645641692
1470,Pericyte,NFATC2,0.48764589382962487
1471,Pericyte,NFATC4,-0.15209786905321848
1472,Pericyte,NFE2L1,-0.0028655938148633093
1473,Pericyte,NFIL3,-0.15464871109747866
1474,Pericyte,NFKB2,-0.38573717552254383
1475,Pericyte,NKX2-1,-0.015163929030929588
1476,Pericyte,NR4A3,0.14405720121602555
1477,Pericyte,ONECUT2,-0.1260192914855921
1478,Pericyte,PITX3,0.34747822148110424
1479,Pericyte,PRDM1,0.116075141957437
1480,Pericyte,RARG,-0.17175958991319557
1481,Pericyte,RBAK,0.23537173784582943
1482,Pericyte,REL,-0.18100388434676398
1483,Pericyte,RELA,0.1907678348261739
1484,Pericyte,RELB,-0.1314991354044475
1485,Pericyte,RFX5,0.06510447380403898
1486,Pericyte,RFX8,0.12798296548749621
1487,Pericyte,RUNX1,-0.24720048311410925
1488,Pericyte,RXRA,-0.049151531742776255
1489,Pericyte,RXRG,0.5239419497249334
1490,Pericyte,SOX11,-0.17674310470362214
1491,Pericyte,SOX15,-0.06667335547167784
1492,Pericyte,SOX4,0.019936717110260137
1493,Pericyte,SOX7,-0.05365288141877098
1494,Pericyte,SP1,0.1403157303399229
1495,Pericyte,SP2,0.3222646429553123
1496,Pericyte,SP6,-0.10453288146940434
1497,Pericyte,SPI1,0.03437296761810469
1498,Pericyte,SPIB,-0.10087140678358503
1499,Pericyte,SREBF2,0.09786774684454687
1500,Pericyte,SRF,0.2695071712861682
1501,Pericyte,STAT1,0.2463332395443539
1502,Pericyte,STAT2,-0.147493516093307
1503,Pericyte,TBP,-0.0727670260811756
1504,Pericyte,TCF12,-0.4203964235217743
1505,Pericyte,TCF7L1,0.018072409304733496
1506,Pericyte,TCF7L2,-0.21741243984115322
1507,Pericyte,TEAD4,0.14790694256408718
1508,Pericyte,TFAP2A,-0.12792854769531026
1509,Pericyte,TFCP2L1,-0.08562685649042565
1510,Pericyte,TFDP1,-0.031717202528622306
1511,Pericyte,TFE3,0.3287480779182123
1512,Pericyte,TFEB,0.19495775602057952
1513,Pericyte,TGIF2,-0.1471294843538974
1514,Pericyte,THAP1,0.1401949177249714
1515,Pericyte,THAP11,-0.04556671822291409
1516,Pericyte,TP53,0.25284070841185025
1517,Pericyte,TWIST1,-0.03598038360623497
1518,Pericyte,USF1,0.7345879634309308
1519,Pericyte,XBP1,-0.08672263495896404
1520,Pericyte,YY1,0.5173268228258938
1521,Pericyte,YY2,-0.021589451410189794
1522,Pericyte,ZBTB33,-0.040570098050904085
1523,Pericyte,ZFP64,-0.18399202802368522
1524,Pericyte,ZFP91,0.06114102010309985
1525,Pericyte,ZNF143,0.13895307442544338
1526,Pericyte,ZNF155,-0.19286819624358043
1527,Pericyte,ZNF189,0.2666358159051988
1528,Pericyte,ZNF319,-0.053512529315735365
1529,Pericyte,ZNF320,0.1196013527520465
1530,Pericyte,ZNF383,-0.19569147611396528
1531,Pericyte,ZNF423,0.13789377741140127
1532,Pericyte,ZNF426,-0.502346520928753
1533,Pericyte,ZNF433,-0.14590772863068718
1534,Pericyte,ZNF526,0.16162623964517345
1535,Pericyte,ZNF527,-0.22104176001531725
1536,Pericyte,ZNF583,-0.13712187354416466
1537,Pericyte,ZNF671,0.6621251760599722
1538,Pericyte,ZNF860,-0.10206036251908278
1539,Pericyte,ZNF91,-0.10614691567738338
1540,Pericyte.PTN,AHRR,-0.14632440199528657
1541,Pericyte.PTN,ARID3A,1.1836443709735152
1542,Pericyte.PTN,ARNT,-0.21618029147697287
1543,Pericyte.PTN,ATF3,-0.491039009633923
1544,Pericyte.PTN,ATF4,-0.4971758404402844
1545,Pericyte.PTN,ATF6,0.49654372353725523
1546,Pericyte.PTN,BACH1,-0.8954764774243165
1547,Pericyte.PTN,BHLHE40,-0.5866919690378817
1548,Pericyte.PTN,CEBPA,0.07507402979054179
1549,Pericyte.PTN,CEBPB,-0.8703676082243956
1550,Pericyte.PTN,CEBPD,0.5836975072284722
1551,Pericyte.PTN,CREB1,0.4229517896128205
1552,Pericyte.PTN,CREB3L1,-0.9500389221102487
1553,Pericyte.PTN,CREB3L2,-0.9278200865789854
1554,Pericyte.PTN,CREM,0.44583637978919627
1555,Pericyte.PTN,CUX1,-0.7236550794757731
1556,Pericyte.PTN,E2F1,0.11018562210086466
1557,Pericyte.PTN,E2F2,0.49891121591441
1558,Pericyte.PTN,E2F3,0.1110461307517895
1559,Pericyte.PTN,E2F4,0.14119812748567542
1560,Pericyte.PTN,E2F7,0.0747241867623022
1561,Pericyte.PTN,E2F8,0.7598446327204867
1562,Pericyte.PTN,EBF1,1.3548042421181716
1563,Pericyte.PTN,EGR1,-0.22075244677941983
1564,Pericyte.PTN,EGR2,-0.8469150194847047
1565,Pericyte.PTN,EHF,-0.06758955560829252
1566,Pericyte.PTN,ELF1,-0.02245349817342861
1567,Pericyte.PTN,ELF3,-0.34921169407211256
1568,Pericyte.PTN,ELK1,0.27333413930799344
1569,Pericyte.PTN,ELK3,-0.8440014272478418
1570,Pericyte.PTN,ERF,0.5597924066549456
1571,Pericyte.PTN,ERG,-0.6520260690950437
1572,Pericyte.PTN,ESRRA,-0.06231159677444924
1573,Pericyte.PTN,ETS2,-0.39112596613408535
1574,Pericyte.PTN,ETV1,-1.021202352522858
1575,Pericyte.PTN,ETV2,0.03243667697136928
1576,Pericyte.PTN,ETV5,0.6489894167661117
1577,Pericyte.PTN,ETV7,-0.052963580038397136
1578,Pericyte.PTN,FOS,-0.19248925000275652
1579,Pericyte.PTN,FOSB,-0.02715538676954834
1580,Pericyte.PTN,FOSL1,-0.5360571778808318
1581,Pericyte.PTN,FOXA1,0.08221278434118531
1582,Pericyte.PTN,FOXF1,1.0378698623326092
1583,Pericyte.PTN,FOXF2,0.762073285936027
1584,Pericyte.PTN,FOXN2,0.06903618834198978
1585,Pericyte.PTN,FOXO1,-0.7343370545253708
1586,Pericyte.PTN,FOXO3,-0.14133622553628045
1587,Pericyte.PTN,FOXP1,-0.11584318805845521
1588,Pericyte.PTN,FOXP2,-0.5645966721522574
1589,Pericyte.PTN,GABPA,0.20450543143178052
1590,Pericyte.PTN,GATA2,-0.23652735893135787
1591,Pericyte.PTN,GATA3,-0.3360074304010502
1592,Pericyte.PTN,GATA5,-0.32801864236980194
1593,Pericyte.PTN,GATA6,-0.21550526507106532
1594,Pericyte.PTN,GLI3,-0.6583647945320241
1595,Pericyte.PTN,GRHL1,-0.2024103012576284
1596,Pericyte.PTN,HES1,0.3965666434690549
1597,Pericyte.PTN,HIVEP1,0.221656759883668
1598,Pericyte.PTN,HIVEP3,-0.11434991327629103
1599,Pericyte.PTN,HOXA2,0.06776728413584164
1600,Pericyte.PTN,HOXB2,-0.7550509819938113
1601,Pericyte.PTN,IKZF1,1.255998304313649
1602,Pericyte.PTN,IRF1,-0.30485208904392536
1603,Pericyte.PTN,IRF2,0.7549123779427296
1604,Pericyte.PTN,IRF7,-0.004442489766156189
1605,Pericyte.PTN,IRF8,-0.3003765394919469
1606,Pericyte.PTN,IRX3,-0.08562364518074018
1607,Pericyte.PTN,JUN,-0.3172313340002584
1608,Pericyte.PTN,JUNB,-0.36534965025332583
1609,Pericyte.PTN,KLF16,-0.11646010630164663
1610,Pericyte.PTN,KLF5,-0.07362920947361304
1611,Pericyte.PTN,KLF6,0.11629451228831461
1612,Pericyte.PTN,KLF9,0.5892050253922428
1613,Pericyte.PTN,LEF1,-0.4548588274691259
1614,Pericyte.PTN,MAFG,0.04574963634197204
1615,Pericyte.PTN,MEF2C,1.5529981417369654
1616,Pericyte.PTN,MEF2D,0.604023033661238
1617,Pericyte.PTN,MLX,-0.3327787508494207
1618,Pericyte.PTN,MLXIP,0.17600447185612708
1619,Pericyte.PTN,MYB,0.05636361885599146
1620,Pericyte.PTN,MYBL2,0.025491382125396384
1621,Pericyte.PTN,MYC,0.12073168962352315
1622,Pericyte.PTN,MYCN,0.47400932905496085
1623,Pericyte.PTN,NFAT5,-0.48115148688733567
1624,Pericyte.PTN,NFATC2,1.6176011489640296
1625,Pericyte.PTN,NFATC4,-0.5144271424238716
1626,Pericyte.PTN,NFE2L1,0.12751964626451245
1627,Pericyte.PTN,NFIL3,-0.20742378471606807
1628,Pericyte.PTN,NFKB2,-0.6776433919662557
1629,Pericyte.PTN,NKX2-1,0.15677639605896476
1630,Pericyte.PTN,NR4A3,0.05192152432068658
1631,Pericyte.PTN,ONECUT2,-0.0976312436851532
1632,Pericyte.PTN,PITX3,0.6637355061975584
1633,Pericyte.PTN,PRDM1,0.20691944638561016
1634,Pericyte.PTN,RARG,-0.8181057137909276
1635,Pericyte.PTN,RBAK,0.28252753828358196
1636,Pericyte.PTN,REL,-0.733131372164679
1637,Pericyte.PTN,RELA,0.04456168527240746
1638,Pericyte.PTN,RELB,-0.4214867094697713
1639,Pericyte.PTN,RFX5,0.13962573445946094
1640,Pericyte.PTN,RFX8,0.13616268910501797
1641,Pericyte.PTN,RUNX1,-0.5444228342749527
1642,Pericyte.PTN,RXRA,-0.5695917590457253
1643,Pericyte.PTN,RXRG,1.3032422161481758
1644,Pericyte.PTN,SOX11,-0.17002537047905092
1645,Pericyte.PTN,SOX15,-0.24738658809378739
1646,Pericyte.PTN,SOX4,-0.07938832853862465
1647,Pericyte.PTN,SOX7,0.3019595483682235
1648,Pericyte.PTN,SP1,0.1826992482195779
1649,Pericyte.PTN,SP2,0.3625830609860145
1650,Pericyte.PTN,SP6,-0.18920383503628366
1651,Pericyte.PTN,SPI1,0.1324558903393873
1652,Pericyte.PTN,SPIB,-0.01687822913351057
1653,Pericyte.PTN,SREBF2,0.5188283104546674
1654,Pericyte.PTN,SRF,0.16317742936490628
1655,Pericyte.PTN,STAT1,-0.08601545501685472
1656,Pericyte.PTN,STAT2,-0.7093597440685538
1657,Pericyte.PTN,TBP,-0.25091279955322215
1658,Pericyte.PTN,TCF12,-0.2051258873012605
1659,Pericyte.PTN,TCF7L1,0.2185062930928661
1660,Pericyte.PTN,TCF7L2,-0.06264259717678237
1661,Pericyte.PTN,TEAD4,-0.33020016067497654
1662,Pericyte.PTN,TFAP2A,-0.06207598429289999
1663,Pericyte.PTN,TFCP2L1,-0.07375749394153798
1664,Pericyte.PTN,TFDP1,-0.37745218135003084
1665,Pericyte.PTN,TFE3,0.33974636407426095
1666,Pericyte.PTN,TFEB,0.260441078400478
1667,Pericyte.PTN,TGIF2,-0.10276300463609342
1668,Pericyte.PTN,THAP1,0.9278844556461614
1669,Pericyte.PTN,THAP11,-0.07499967764618079
1670,Pericyte.PTN,TP53,-0.2736501330064794
1671,Pericyte.PTN,TWIST1,-0.6950175285299616
1672,Pericyte.PTN,USF1,1.2272759264244657
1673,Pericyte.PTN,XBP1,-0.8403414046648693
1674,Pericyte.PTN,YY1,0.8847183134476565
1675,Pericyte.PTN,YY2,-0.012577589510279177
1676,Pericyte.PTN,ZBTB33,-0.3291354134062344
1677,Pericyte.PTN,ZFP64,-0.49939144923067225
1678,Pericyte.PTN,ZFP91,-0.0446066155321382
1679,Pericyte.PTN,ZNF143,0.23010367233422735
1680,Pericyte.PTN,ZNF155,-0.023830126293627154
1681,Pericyte.PTN,ZNF189,0.09916815971617284
1682,Pericyte.PTN,ZNF319,-0.08953397904007317
1683,Pericyte.PTN,ZNF320,0.04997655356814389
1684,Pericyte.PTN,ZNF383,-0.23360439333518201
1685,Pericyte.PTN,ZNF423,-0.14503946182778213
1686,Pericyte.PTN,ZNF426,-0.5527647087491012
1687,Pericyte.PTN,ZNF433,-0.03600995136118326
1688,Pericyte.PTN,ZNF526,0.18333158469189664
1689,Pericyte.PTN,ZNF527,-0.32843704053174294
1690,Pericyte.PTN,ZNF583,-0.16644739843358874
1691,Pericyte.PTN,ZNF671,1.5290146487772882
1692,Pericyte.PTN,ZNF860,-0.08217508058290067
1693,Pericyte.PTN,ZNF91,-0.16848603023819841
1694,SmoothMuscle,AHRR,-0.2034597010906729
1695,SmoothMuscle,ARID3A,-0.17367508404635623
1696,SmoothMuscle,ARNT,0.017649116094670764
1697,SmoothMuscle,ATF3,0.1408273552342705
1698,SmoothMuscle,ATF4,-0.01928914940117817
1699,SmoothMuscle,ATF6,-0.08817858068936882
1700,SmoothMuscle,BACH1,-0.4155158460935748
1701,SmoothMuscle,BHLHE40,-0.0017492768995848026
1702,SmoothMuscle,CEBPA,0.21250933770897448
1703,SmoothMuscle,CEBPB,-0.4615499970601174
1704,SmoothMuscle,CEBPD,0.1592754612458945
1705,SmoothMuscle,CREB1,0.023124085406120074
1706,SmoothMuscle,CREB3L1,-0.6099582135155651
1707,SmoothMuscle,CREB3L2,-0.3153674650193368
1708,SmoothMuscle,CREM,0.3819169896533461
1709,SmoothMuscle,CUX1,0.024113703611250526
1710,SmoothMuscle,E2F1,-0.29724584504911505
1711,SmoothMuscle,E2F2,-0.23274769981522753
1712,SmoothMuscle,E2F3,-0.20228223756682312
1713,SmoothMuscle,E2F4,-0.297556781360939
1714,SmoothMuscle,E2F7,0.04923428441021558
1715,SmoothMuscle,E2F8,0.0033437056277477754
1716,SmoothMuscle,EBF1,0.07105149841096563
1717,SmoothMuscle,EGR1,0.22205925403242088
1718,SmoothMuscle,EGR2,0.23805167573136074
1719,SmoothMuscle,EHF,0.051021893540799924
1720,SmoothMuscle,ELF1,-0.1436374383692081
1721,SmoothMuscle,ELF3,-0.06010100177552227
1722,SmoothMuscle,ELK1,-0.11621101255368227
1723,SmoothMuscle,ELK3,-0.2834653408393409
1724,SmoothMuscle,ERF,0.23816945208711188
1725,SmoothMuscle,ERG,-0.16217727446717256
1726,SmoothMuscle,ESRRA,0.09276399039732068
1727,SmoothMuscle,ETS2,0.2959375249118127
1728,SmoothMuscle,ETV1,-0.400896201954781
1729,SmoothMuscle,ETV2,-0.3772213000988892
1730,SmoothMuscle,ETV5,0.17096318520800027
1731,SmoothMuscle,ETV7,-0.39039679363269736
1732,SmoothMuscle,FOS,0.3289443612256613
1733,SmoothMuscle,FOSB,0.2943318511891583
1734,SmoothMuscle,FOSL1,-0.10643570713541313
1735,SmoothMuscle,FOXA1,0.0311297490722071
1736,SmoothMuscle,FOXF1,-0.06592419948156585
1737,SmoothMuscle,FOXF2,0.04815877351876527
1738,SmoothMuscle,FOXN2,0.39389470370079116
1739,SmoothMuscle,FOXO1,-0.3620414822913837
1740,SmoothMuscle,FOXO3,0.09731347811550321
1741,SmoothMuscle,FOXP1,0.36581467612896895
1742,SmoothMuscle,FOXP2,-0.35888463441993945
1743,SmoothMuscle,GABPA,-0.09441954496902581
1744,SmoothMuscle,GATA2,0.022864684574063245
1745,SmoothMuscle,GATA3,-0.5127441082700344
1746,SmoothMuscle,GATA5,-0.22355948347375024
1747,SmoothMuscle,GATA6,-0.2514537589700664
1748,SmoothMuscle,GLI3,0.13058238789095006
1749,SmoothMuscle,GRHL1,-0.34453871846582335
1750,SmoothMuscle,HES1,-0.17105350574434142
1751,SmoothMuscle,HIVEP1,-0.16103820357322593
1752,SmoothMuscle,HIVEP3,-0.40059210802816336
1753,SmoothMuscle,HOXA2,0.17335469981740825
1754,SmoothMuscle,HOXB2,-0.43845253412113233
1755,SmoothMuscle,IKZF1,0.14935742773398294
1756,SmoothMuscle,IRF1,-0.2063391282304398
1757,SmoothMuscle,IRF2,-0.2708090311811544
1758,SmoothMuscle,IRF7,-0.15432890509877417
1759,SmoothMuscle,IRF8,-0.6025469619085704
1760,SmoothMuscle,IRX3,-0.08605867158185451
1761,SmoothMuscle,JUN,0.15206943148801164
1762,SmoothMuscle,JUNB,0.34883416444993526
1763,SmoothMuscle,KLF16,0.03434435687679641
1764,SmoothMuscle,KLF5,0.08646844250495213
1765,SmoothMuscle,KLF6,-0.23654168595987987
1766,SmoothMuscle,KLF9,0.30549306501084433
1767,SmoothMuscle,LEF1,-0.5021079683219435
1768,SmoothMuscle,MAFG,-0.1296253633902617
1769,SmoothMuscle,MEF2C,0.2771395772703489
1770,SmoothMuscle,MEF2D,0.8627394955610123
1771,SmoothMuscle,MLX,0.13847385580718805
1772,SmoothMuscle,MLXIP,-0.027381097765294
1773,SmoothMuscle,MYB,-0.5103628168402057
1774,SmoothMuscle,MYBL2,-0.2110637114591429
1775,SmoothMuscle,MYC,-0.13878451133974787
1776,SmoothMuscle,MYCN,0.17401024787374747
1777,SmoothMuscle,NFAT5,0.013631646553397627
1778,SmoothMuscle,NFATC2,-0.25755296471131617
1779,SmoothMuscle,NFATC4,-0.09152205557428647
1780,SmoothMuscle,NFE2L1,0.07620247202181887
1781,SmoothMuscle,NFIL3,-0.025989595886228647
1782,SmoothMuscle,NFKB2,-0.6524992272816206
1783,SmoothMuscle,NKX2-1,0.13840987560869356
1784,SmoothMuscle,NR4A3,0.6632341972024658
1785,SmoothMuscle,ONECUT2,0.14912188196877543
1786,SmoothMuscle,PITX3,-0.14967522276075707
1787,SmoothMuscle,PRDM1,-0.01754259191414575
1788,SmoothMuscle,RARG,-0.056611134671896594
1789,SmoothMuscle,RBAK,-0.13088760422894857
1790,SmoothMuscle,REL,0.17075164204786047
1791,SmoothMuscle,RELA,0.007569893365725913
1792,SmoothMuscle,RELB,-0.3950303006047792
1793,SmoothMuscle,RFX5,-0.08866047954798177
1794,SmoothMuscle,RFX8,0.1493927953722085
1795,SmoothMuscle,RUNX1,-0.12341839431084693
1796,SmoothMuscle,RXRA,0.05158331372563255
1797,SmoothMuscle,RXRG,-0.09148882689002034
1798,SmoothMuscle,SOX11,-0.20289398265258382
1799,SmoothMuscle,SOX15,0.48618531704213613
1800,SmoothMuscle,SOX4,-0.6198376104520318
1801,SmoothMuscle,SOX7,0.008753802053614354
1802,SmoothMuscle,SP1,-0.20772139325404376
1803,SmoothMuscle,SP2,0.05719215873534274
1804,SmoothMuscle,SP6,0.20904135135541532
1805,SmoothMuscle,SPI1,-0.011554755216582143
1806,SmoothMuscle,SPIB,-0.1709654883500302
1807,SmoothMuscle,SREBF2,-0.025147970831821416
1808,SmoothMuscle,SRF,0.4644738246187227
1809,SmoothMuscle,STAT1,-0.43141121544601635
1810,SmoothMuscle,STAT2,-0.6923370186953056
1811,SmoothMuscle,TBP,-0.272742107528603
1812,SmoothMuscle,TCF12,-0.4521718463496562
1813,SmoothMuscle,TCF7L1,0.035015422494545256
1814,SmoothMuscle,TCF7L2,-0.17273121946114228
1815,SmoothMuscle,TEAD4,0.19645911003107733
1816,SmoothMuscle,TFAP2A,0.25760079862823976
1817,SmoothMuscle,TFCP2L1,-0.034838002223721104
1818,SmoothMuscle,TFDP1,-0.2092280069836219
1819,SmoothMuscle,TFE3,0.4050904260344381
1820,SmoothMuscle,TFEB,-0.016781273885803274
1821,SmoothMuscle,TGIF2,-0.21503671734380822
1822,SmoothMuscle,THAP1,-0.12925673835487914
1823,SmoothMuscle,THAP11,0.13142712186737487
1824,SmoothMuscle,TP53,-0.6902088500683867
1825,SmoothMuscle,TWIST1,-0.7862050388962785
1826,SmoothMuscle,USF1,-0.2252977726606245
1827,SmoothMuscle,XBP1,-0.5004961327214511
1828,SmoothMuscle,YY1,-0.0838769019790872
1829,SmoothMuscle,YY2,0.4486654837727986
1830,SmoothMuscle,ZBTB33,-0.12553344438897882
1831,SmoothMuscle,ZFP64,-0.12418118617882369
1832,SmoothMuscle,ZFP91,-0.16149750365101456
1833,SmoothMuscle,ZNF143,-0.3965012419101852
1834,SmoothMuscle,ZNF155,-0.04360306809795621
1835,SmoothMuscle,ZNF189,0.5757076410053015
1836,SmoothMuscle,ZNF319,-0.008631516327396371
1837,SmoothMuscle,ZNF320,-0.1848646316248032
1838,SmoothMuscle,ZNF383,-0.09253990591394637
1839,SmoothMuscle,ZNF423,-0.27411321141308737
1840,SmoothMuscle,ZNF426,-0.5555928829768609
1841,SmoothMuscle,ZNF433,0.09101150667572859
1842,SmoothMuscle,ZNF526,-0.07864661284112996
1843,SmoothMuscle,ZNF527,0.36564483097647704
1844,SmoothMuscle,ZNF583,-0.11222039212882942
1845,SmoothMuscle,ZNF671,0.06344812146677294
1846,SmoothMuscle,ZNF860,0.17733021208639368
1847,SmoothMuscle,ZNF91,0.2401409267683471
1848,SmoothMuscle.Pericyte,AHRR,-0.26910090660601804
1849,SmoothMuscle.Pericyte,ARID3A,0.2756923632374367
1850,SmoothMuscle.Pericyte,ARNT,-0.19413540861196707
1851,SmoothMuscle.Pericyte,ATF3,-0.19323120351754175
1852,SmoothMuscle.Pericyte,ATF4,-0.3075479495846382
1853,SmoothMuscle.Pericyte,ATF6,0.2275191705137143
1854,SmoothMuscle.Pericyte,BACH1,-0.4785879100242733
1855,SmoothMuscle.Pericyte,BHLHE40,-0.322850389999466
1856,SmoothMuscle.Pericyte,CEBPA,0.27590960818643956
1857,SmoothMuscle.Pericyte,CEBPB,-0.3595253261220444
1858,SmoothMuscle.Pericyte,CEBPD,0.5404423008926847
1859,SmoothMuscle.Pericyte,CREB1,0.28727275589576845
1860,SmoothMuscle.Pericyte,CREB3L1,-0.5342717432476602
1861,SmoothMuscle.Pericyte,CREB3L2,-0.4626390393935554
1862,SmoothMuscle.Pericyte,CREM,0.14652894013059886
1863,SmoothMuscle.Pericyte,CUX1,0.037383292109076836
1864,SmoothMuscle.Pericyte,E2F1,0.08915988804484497
1865,SmoothMuscle.Pericyte,E2F2,0.06312993728912962
1866,SmoothMuscle.Pericyte,E2F3,0.29488720627921905
1867,SmoothMuscle.Pericyte,E2F4,0.18612221129981912
1868,SmoothMuscle.Pericyte,E2F7,-0.08842685766064806
1869,SmoothMuscle.Pericyte,E2F8,0.5383163671562142
1870,SmoothMuscle.Pericyte,EBF1,1.1332601341387063
1871,SmoothMuscle.Pericyte,EGR1,0.10617318811170617
1872,SmoothMuscle.Pericyte,EGR2,0.12275141772225562
1873,SmoothMuscle.Pericyte,EHF,-0.14812231863975495
1874,SmoothMuscle.Pericyte,ELF1,0.04118809794111511
1875,SmoothMuscle.Pericyte,ELF3,-0.21545966865012203
1876,SmoothMuscle.Pericyte,ELK1,0.11054571740335285
1877,SmoothMuscle.Pericyte,ELK3,-0.6932202667239884
1878,SmoothMuscle.Pericyte,ERF,0.25755998212137393
1879,SmoothMuscle.Pericyte,ERG,-0.8341449391787606
1880,SmoothMuscle.Pericyte,ESRRA,0.006397325737609605
1881,SmoothMuscle.Pericyte,ETS2,-0.15512331126202145
1882,SmoothMuscle.Pericyte,ETV1,-0.8464781361550522
1883,SmoothMuscle.Pericyte,ETV2,-0.5193682080161698
1884,SmoothMuscle.Pericyte,ETV5,-0.1292840292177154
1885,SmoothMuscle.Pericyte,ETV7,0.1598613054514306
1886,SmoothMuscle.Pericyte,FOS,0.03461922464548505
1887,SmoothMuscle.Pericyte,FOSB,0.024649155676798606
1888,SmoothMuscle.Pericyte,FOSL1,-0.26547149634474204
1889,SmoothMuscle.Pericyte,FOXA1,0.20075364659587253
1890,SmoothMuscle.Pericyte,FOXF1,0.6886923462213101
1891,SmoothMuscle.Pericyte,FOXF2,0.1525912639278411
1892,SmoothMuscle.Pericyte,FOXN2,0.7262009937244954
1893,SmoothMuscle.Pericyte,FOXO1,-0.6206508406066495
1894,SmoothMuscle.Pericyte,FOXO3,-0.11288549028076168
1895,SmoothMuscle.Pericyte,FOXP1,0.2483294968507277
1896,SmoothMuscle.Pericyte,FOXP2,-0.45941562028604066
1897,SmoothMuscle.Pericyte,GABPA,-0.057973356976011636
1898,SmoothMuscle.Pericyte,GATA2,-0.18842348083189392
1899,SmoothMuscle.Pericyte,GATA3,-0.11523277796187256
1900,SmoothMuscle.Pericyte,GATA5,-0.11194275636463001
1901,SmoothMuscle.Pericyte,GATA6,-0.20503115308020228
1902,SmoothMuscle.Pericyte,GLI3,-0.057517439919840534
1903,SmoothMuscle.Pericyte,GRHL1,-0.18375613906621543
1904,SmoothMuscle.Pericyte,HES1,-0.002198156194287965
1905,SmoothMuscle.Pericyte,HIVEP1,0.2802796934005391
1906,SmoothMuscle.Pericyte,HIVEP3,-0.14889846659255135
1907,SmoothMuscle.Pericyte,HOXA2,-0.08014426434940997
1908,SmoothMuscle.Pericyte,HOXB2,-0.527718686137711
1909,SmoothMuscle.Pericyte,IKZF1,1.146096057648188
1910,SmoothMuscle.Pericyte,IRF1,-0.03414688794602403
1911,SmoothMuscle.Pericyte,IRF2,0.5479382707225264
1912,SmoothMuscle.Pericyte,IRF7,0.06261403210897029
1913,SmoothMuscle.Pericyte,IRF8,0.22663356284225686
1914,SmoothMuscle.Pericyte,IRX3,-0.380691449456885
1915,SmoothMuscle.Pericyte,JUN,-0.11857879446564171
1916,SmoothMuscle.Pericyte,JUNB,0.09237476848351697
1917,SmoothMuscle.Pericyte,KLF16,-0.1169924601173423
1918,SmoothMuscle.Pericyte,KLF5,-0.19017497026467997
1919,SmoothMuscle.Pericyte,KLF6,0.48530620716365025
1920,SmoothMuscle.Pericyte,KLF9,0.4813234542005936
1921,SmoothMuscle.Pericyte,LEF1,-0.29838063502504214
1922,SmoothMuscle.Pericyte,MAFG,-0.03568252650980116
1923,SmoothMuscle.Pericyte,MEF2C,1.007698986505542
1924,SmoothMuscle.Pericyte,MEF2D,0.8364006233009861
1925,SmoothMuscle.Pericyte,MLX,0.1064544253749577
1926,SmoothMuscle.Pericyte,MLXIP,-0.06698090642753987
1927,SmoothMuscle.Pericyte,MYB,0.20850237607246092
1928,SmoothMuscle.Pericyte,MYBL2,0.04702052900665421
1929,SmoothMuscle.Pericyte,MYC,0.6158962961268459
1930,SmoothMuscle.Pericyte,MYCN,-0.1847834920671281
1931,SmoothMuscle.Pericyte,NFAT5,-0.060750003329506586
1932,SmoothMuscle.Pericyte,NFATC2,0.6483025186389566
1933,SmoothMuscle.Pericyte,NFATC4,-0.03238976832178546
1934,SmoothMuscle.Pericyte,NFE2L1,0.03148775760026257
1935,SmoothMuscle.Pericyte,NFIL3,-0.05180005701299298
1936,SmoothMuscle.Pericyte,NFKB2,-0.15271982190669525
1937,SmoothMuscle.Pericyte,NKX2-1,0.03310255380567888
1938,SmoothMuscle.Pericyte,NR4A3,0.1695514565425607
1939,SmoothMuscle.Pericyte,ONECUT2,-0.0890778124076531
1940,SmoothMuscle.Pericyte,PITX3,0.21760181644718712
1941,SmoothMuscle.Pericyte,PRDM1,-0.016970339254314546
1942,SmoothMuscle.Pericyte,RARG,-0.1182749484128516
1943,SmoothMuscle.Pericyte,RBAK,0.021726340796952195
1944,SmoothMuscle.Pericyte,REL,-0.1721421371934567
1945,SmoothMuscle.Pericyte,RELA,0.252039114411829
1946,SmoothMuscle.Pericyte,RELB,0.0255619237491339
1947,SmoothMuscle.Pericyte,RFX5,0.12377634996889511
1948,SmoothMuscle.Pericyte,RFX8,0.1532425124853814
1949,SmoothMuscle.Pericyte,RUNX1,-0.14724680770891033
1950,SmoothMuscle.Pericyte,RXRA,-0.3596584934271007
1951,SmoothMuscle.Pericyte,RXRG,0.5724141409393814
1952,SmoothMuscle.Pericyte,SOX11,-0.335418832300887
1953,SmoothMuscle.Pericyte,SOX15,-0.04501967321783254
1954,SmoothMuscle.Pericyte,SOX4,-0.287549345835034
1955,SmoothMuscle.Pericyte,SOX7,0.2593839171093787
1956,SmoothMuscle.Pericyte,SP1,-0.13180857796839224
1957,SmoothMuscle.Pericyte,SP2,0.4849246751205765
1958,SmoothMuscle.Pericyte,SP6,-0.1618890490272786
1959,SmoothMuscle.Pericyte,SPI1,0.01652251761591956
1960,SmoothMuscle.Pericyte,SPIB,-0.1307916783511461
1961,SmoothMuscle.Pericyte,SREBF2,0.03410917906839311
1962,SmoothMuscle.Pericyte,SRF,0.7274414322769462
1963,SmoothMuscle.Pericyte,STAT1,0.10024985142873695
1964,SmoothMuscle.Pericyte,STAT2,-0.3634243962451272
1965,SmoothMuscle.Pericyte,TBP,-0.07580999780372928
1966,SmoothMuscle.Pericyte,TCF12,-0.554992447285501
1967,SmoothMuscle.Pericyte,TCF7L1,-0.17037670829401733
1968,SmoothMuscle.Pericyte,TCF7L2,-0.17586025606977457
1969,SmoothMuscle.Pericyte,TEAD4,0.5729759307190403
1970,SmoothMuscle.Pericyte,TFAP2A,0.03439313505580356
1971,SmoothMuscle.Pericyte,TFCP2L1,-0.060702929362241295
1972,SmoothMuscle.Pericyte,TFDP1,-0.11469116444101332
1973,SmoothMuscle.Pericyte,TFE3,0.4350845199023204
1974,SmoothMuscle.Pericyte,TFEB,0.21024322326179265
1975,SmoothMuscle.Pericyte,TGIF2,-0.2289377216937126
1976,SmoothMuscle.Pericyte,THAP1,0.09677458481419499
1977,SmoothMuscle.Pericyte,THAP11,-0.20812488776044077
1978,SmoothMuscle.Pericyte,TP53,-0.014050712161202844
1979,SmoothMuscle.Pericyte,TWIST1,-0.351944235035038
1980,SmoothMuscle.Pericyte,USF1,0.7272350853636724
1981,SmoothMuscle.Pericyte,XBP1,-0.4531547889646542
1982,SmoothMuscle.Pericyte,YY1,0.6068969821945788
1983,SmoothMuscle.Pericyte,YY2,0.25441108024388037
1984,SmoothMuscle.Pericyte,ZBTB33,-0.11403560979752903
1985,SmoothMuscle.Pericyte,ZFP64,-0.45651283066130705
1986,SmoothMuscle.Pericyte,ZFP91,0.43285478457110177
1987,SmoothMuscle.Pericyte,ZNF143,0.14954016346485666
1988,SmoothMuscle.Pericyte,ZNF155,-0.18136648916393736
1989,SmoothMuscle.Pericyte,ZNF189,0.8192536658222824
1990,SmoothMuscle.Pericyte,ZNF319,0.11618883289090323
1991,SmoothMuscle.Pericyte,ZNF320,0.19554186575495294
1992,SmoothMuscle.Pericyte,ZNF383,-0.011213128715745554
1993,SmoothMuscle.Pericyte,ZNF423,0.09610612842929568
1994,SmoothMuscle.Pericyte,ZNF426,-0.4001523776285232
1995,SmoothMuscle.Pericyte,ZNF433,-0.08560265411233144
1996,SmoothMuscle.Pericyte,ZNF526,0.2958571894488206
1997,SmoothMuscle.Pericyte,ZNF527,0.10586703029379048
1998,SmoothMuscle.Pericyte,ZNF583,0.21240471906716826
1999,SmoothMuscle.Pericyte,ZNF671,0.6448321809557798
2000,SmoothMuscle.Pericyte,ZNF860,0.4223193814922559
2001,SmoothMuscle.Pericyte,ZNF91,0.0025430047778210456
